year,category_id,pollutant,estimate,se,n_obs
2001,1,2,35.96444556522667,4.850359815653644,5
2001,1,3,295.61278784836344,46.562325748220985,5
2001,1,87,213.9303036816128,20.631826922657673,5
2001,1,98,NA,NA,5
2001,1,100,1349.1105224621097,1029.118857206845,5
2001,2,2,110.6509851956543,22.46352314364132,5
2001,2,3,610.0887493946113,138.10940894260116,5
2001,2,87,770.2054244875573,155.0884963336008,5
2001,2,98,NA,NA,5
2001,2,100,4918.457303683314,1317.1578762976521,5
2001,3,2,40.295033093111364,24.242267585585875,5
2001,3,3,644.6032173617747,264.72245704598333,5
2001,3,87,205.4902204220181,29.168541875277302,5
2001,3,98,NA,NA,5
2001,3,100,1.965281151530392,0.5942787424612874,5
2001,4,2,16.412386315350734,3.101285801849132,5
2001,4,3,63.73226475981844,8.126583848644103,5
2001,4,87,73.48160794627542,8.895671615942396,5
2001,4,98,NA,NA,5
2001,4,100,484.5521548968992,164.9398033896049,5
2001,5,2,21.534462254569572,10.528368173501894,5
2001,5,3,55.31784501912775,12.821095232579426,5
2001,5,87,52.33455835515013,8.477942934023492,5
2001,5,98,NA,NA,5
2001,5,100,377009.5029993102,325911.7461304099,5
2001,6,2,44.41934147275342,19.033164316504422,5
2001,6,3,400.24655672485255,138.53804933455532,5
2001,6,87,479.23739421672843,189.3386669763002,5
2001,6,98,NA,NA,5
2001,6,100,44.48178150990548,22.26720171278703,5
2001,7,2,NA,NA,5
2001,7,3,NA,NA,5
2001,7,87,NA,NA,5
2001,7,98,NA,NA,5
2001,7,100,NA,NA,5
2001,8,2,99.59046443923366,13.825352694046304,5
2001,8,3,439.76975895807846,33.08237290112791,5
2001,8,87,596.1103179870294,69.71088499358198,5
2001,8,98,NA,NA,5
2001,8,100,3518.417895902537,511.5056350143207,5
2001,9,2,NA,NA,5
2001,9,3,NA,NA,5
2001,9,87,NA,NA,5
2001,9,98,NA,NA,5
2001,9,100,NA,NA,5
2001,10,2,NA,NA,5
2001,10,3,NA,NA,5
2001,10,87,NA,NA,5
2001,10,98,NA,NA,5
2001,10,100,NA,NA,5
2001,11,2,899257.8626850958,568667.5146068516,5
2001,11,3,6359905.682127764,4925261.213510364,5
2001,11,87,3875216.0153226643,3465829.427290164,5
2001,11,98,NA,NA,5
2001,11,100,7148.42967939366,4520.533735446417,5
2002,1,2,37.25071821636442,5.236042725395107,5
2002,1,3,323.2624307275858,35.55496879887256,5
2002,1,87,245.14138953904256,14.395613831025779,5
2002,1,98,NA,NA,5
2002,1,100,1863.7040899789943,1540.6446008425282,5
2002,2,2,157.75568650379643,32.73508717548209,5
2002,2,3,899.2817740387293,191.0931228474633,5
2002,2,87,1063.3080267912217,183.38254322597595,5
2002,2,98,NA,NA,5
2002,2,100,6094.2902166994545,748.7440677350984,5
2002,3,2,35.491204210055535,21.537001304871627,5
2002,3,3,539.4096480735408,252.23832275834954,5
2002,3,87,180.0140154638688,35.87673195006738,5
2002,3,98,NA,NA,5
2002,3,100,2.199555605828343,0.5285380135589696,5
2002,4,2,29.739303749217967,11.706594673391525,5
2002,4,3,76.98812344692271,8.815925363292942,5
2002,4,87,84.66037853814893,10.459282598728528,5
2002,4,98,NA,NA,5
2002,4,100,853.4437702019176,298.1056262006071,5
2002,5,2,99.79326310707458,74.41864443843832,5
2002,5,3,73.59597034138648,17.609174022296674,5
2002,5,87,70.45620776756901,13.240630953481885,5
2002,5,98,NA,NA,5
2002,5,100,411037.3604622172,317746.41304078145,5
2002,6,2,112.2023333083781,61.839499130509346,5
2002,6,3,437.09741315678355,126.33417000977651,5
2002,6,87,585.9049171140626,163.1839210675609,5
2002,6,98,NA,NA,5
2002,6,100,54.87536244837037,19.904040484530046,5
2002,7,2,NA,NA,5
2002,7,3,NA,NA,5
2002,7,87,NA,NA,5
2002,7,98,NA,NA,5
2002,7,100,NA,NA,5
2002,8,2,123.01440782559338,17.807127730558893,5
2002,8,3,419.5920991122656,38.65150960446083,5
2002,8,87,641.434988940995,57.069073365268146,5
2002,8,98,NA,NA,5
2002,8,100,3856.313046909457,430.3640105076379,5
2002,9,2,NA,NA,5
2002,9,3,NA,NA,5
2002,9,87,NA,NA,5
2002,9,98,NA,NA,5
2002,9,100,NA,NA,5
2002,10,2,NA,NA,5
2002,10,3,NA,NA,5
2002,10,87,NA,NA,5
2002,10,98,NA,NA,5
2002,10,100,NA,NA,5
2002,11,2,599506.2164745907,464329.62508126866,5
2002,11,3,4769933.99131497,4265505.831232126,5
2002,11,87,3875221.0670178724,3465827.9210521067,5
2002,11,98,NA,NA,5
2002,11,100,5014.921451356151,3598.4339707874055,5
2003,1,2,42.68282172217481,3.421077658083436,5
2003,1,3,321.82941054853956,35.846122068708446,5
2003,1,87,252.8272369041745,10.779630448016855,5
2003,1,98,NA,NA,5
2003,1,100,1982.4028324117996,1515.5844721037013,5
2003,2,2,170.85270004131215,32.38574018982671,5
2003,2,3,1089.7199652571155,264.5256792217441,5
2003,2,87,1184.8313908436573,214.3992123246166,5
2003,2,98,NA,NA,5
2003,2,100,9344.773441232077,2799.392285283914,5
2003,3,2,40.017883974905395,20.281130809781107,5
2003,3,3,491.69362749481274,244.1083643466569,5
2003,3,87,172.92771211198536,30.271839004051458,5
2003,3,98,NA,NA,5
2003,3,100,1.8980948088174536,0.5866869045855038,5
2003,4,2,28.606991310122016,12.000235275295717,5
2003,4,3,86.13697497745385,14.201287253442384,5
2003,4,87,102.69656772081049,19.109488848793568,5
2003,4,98,NA,NA,5
2003,4,100,1198.6612295086095,364.5655511327441,5
2003,5,2,100.81271692727147,74.11920203098414,5
2003,5,3,74.24847967063141,17.82234643772544,5
2003,5,87,76.17751893704904,15.098841461533898,5
2003,5,98,NA,NA,5
2003,5,100,411406.3619901048,317627.3575865147,5
2003,6,2,208.46953003215452,90.69338342585228,5
2003,6,3,555.9396904252292,135.56652988241532,5
2003,6,87,1265.7006661224405,612.6402464926099,5
2003,6,98,NA,NA,5
2003,6,100,252.60979070175472,190.50998663006123,5
2003,7,2,NA,NA,5
2003,7,3,NA,NA,5
2003,7,87,NA,NA,5
2003,7,98,NA,NA,5
2003,7,100,NA,NA,5
2003,8,2,117.53364020581502,19.500982268211754,5
2003,8,3,357.5927610455993,27.96588473199441,5
2003,8,87,569.7186487446322,65.37091517989909,5
2003,8,98,NA,NA,5
2003,8,100,3505.5637834553213,196.5322054760542,5
2003,9,2,NA,NA,5
2003,9,3,NA,NA,5
2003,9,87,NA,NA,5
2003,9,98,NA,NA,5
2003,9,100,NA,NA,5
2003,10,2,NA,NA,5
2003,10,3,NA,NA,5
2003,10,87,NA,NA,5
2003,10,98,NA,NA,5
2003,10,100,NA,NA,5
2003,11,2,599506.2164745907,464329.62508126866,5
2003,11,3,6359441.029175369,4925441.182911803,5
2003,11,87,5166877.700997337,4001986.0738629214,5
2003,11,98,NA,NA,5
2003,11,100,5014.921451356151,3598.4339707874055,5
2004,1,2,55.38310638301588,10.812457320953207,5
2004,1,3,341.09141959575965,54.822519899865405,5
2004,1,87,283.220040581116,32.172304404020124,5
2004,1,98,NA,NA,5
2004,1,100,2667.8640911637904,1446.2216291710156,5
2004,2,2,197.66066866184724,22.585195731535105,5
2004,2,3,1193.2799323433242,243.9684843494322,5
2004,2,87,1560.3477977365187,371.17299197458857,5
2004,2,98,NA,NA,5
2004,2,100,10309.176575211979,2632.8848616161567,5
2004,3,2,141.86280640941055,98.70305950219726,5
2004,3,3,507.2552232843667,258.87183964894933,5
2004,3,87,551.8355734907174,373.53486899931374,5
2004,3,98,NA,NA,5
2004,3,100,1.7852084793162453,0.520475231300535,5
2004,4,2,27.935632201275357,12.247901665660786,5
2004,4,3,97.34759120493672,14.25131855397636,5
2004,4,87,113.74417779673824,17.44805804590231,5
2004,4,98,NA,NA,5
2004,4,100,1234.7723838129298,345.42458746218756,5
2004,5,2,104.2790762738041,73.08951604473043,5
2004,5,3,92.20286794349884,16.54325634391447,5
2004,5,87,87.64516466349775,14.71499125445548,5
2004,5,98,NA,NA,5
2004,5,100,412440.82516818045,317293.95256480615,5
2004,6,2,206.56010214074308,91.20353990383104,5
2004,6,3,585.6881065929518,151.01804145794898,5
2004,6,87,1363.7937916070869,594.1897043297305,5
2004,6,98,NA,NA,5
2004,6,100,502.8490643320341,260.463857273605,5
2004,7,2,NA,NA,5
2004,7,3,NA,NA,5
2004,7,87,NA,NA,5
2004,7,98,NA,NA,5
2004,7,100,NA,NA,5
2004,8,2,120.56939037183372,17.899994119309124,5
2004,8,3,365.2252387217442,32.08084672278019,5
2004,8,87,616.4733890154967,69.10772593815128,5
2004,8,98,NA,NA,5
2004,8,100,3779.4210459607866,371.4265759414908,5
2004,9,2,NA,NA,5
2004,9,3,NA,NA,5
2004,9,87,NA,NA,5
2004,9,98,NA,NA,5
2004,9,100,NA,NA,5
2004,10,2,NA,NA,5
2004,10,3,NA,NA,5
2004,10,87,NA,NA,5
2004,10,98,NA,NA,5
2004,10,100,NA,NA,5
2004,11,2,899201.5377455188,568703.1376264784,5
2004,11,3,9538447.185716191,6032631.724269094,5
2004,11,87,7749991.791752426,4901511.091873254,5
2004,11,98,NA,NA,5
2004,11,100,7521.963048247326,4284.290489915739,5
2005,1,2,54.56091482677276,11.219335041784294,5
2005,1,3,347.635319818659,53.046500314991086,5
2005,1,87,299.3113136223494,29.48709354900607,5
2005,1,98,NA,NA,5
2005,1,100,2678.945362311578,1442.7240753871563,5
2005,2,2,201.92522255137217,20.709692678298282,5
2005,2,3,1370.4093288566883,161.1088460743614,5
2005,2,87,2169.067166800788,460.56736050970153,5
2005,2,98,NA,NA,5
2005,2,100,12141.397534183641,2473.3334826789333,5
2005,3,2,122.18500354257283,101.66625065421651,5
2005,3,3,542.0965726788152,250.37128333687116,5
2005,3,87,555.5561318320727,372.6490579957649,5
2005,3,98,NA,NA,5
2005,3,100,2.766985206789604,0.7826680463558607,5
2005,4,2,24.666868452501117,12.76378754873422,5
2005,4,3,105.08149781153378,9.86062480170587,5
2005,4,87,129.42993336666154,10.83087456836853,5
2005,4,98,NA,NA,5
2005,4,100,1153.6469419269708,396.5524812312285,5
2005,5,2,97.19978973862314,74.47716094764355,5
2005,5,3,106.430555752409,9.077639292281267,5
2005,5,87,103.20457842896886,10.548598634344026,5
2005,5,98,NA,NA,5
2005,5,100,370187.8438008045,326558.6162988893,5
2005,6,2,220.21799854686128,85.81662010083313,5
2005,6,3,485.5141817238487,168.67689781157551,5
2005,6,87,1177.4591572554205,638.0858096344722,5
2005,6,98,NA,NA,5
2005,6,100,601.7936195554208,237.43498583913097,5
2005,7,2,NA,NA,5
2005,7,3,NA,NA,5
2005,7,87,NA,NA,5
2005,7,98,NA,NA,5
2005,7,100,NA,NA,5
2005,8,2,110.93588324735546,21.053444883439877,5
2005,8,3,355.7986600583817,30.62373403885868,5
2005,8,87,617.6016419602412,68.72907115008427,5
2005,8,98,NA,NA,5
2005,8,100,4534.946406204703,666.0163400581012,5
2005,9,2,NA,NA,5
2005,9,3,NA,NA,5
2005,9,87,NA,NA,5
2005,9,98,NA,NA,5
2005,9,100,NA,NA,5
2005,10,2,NA,NA,5
2005,10,3,NA,NA,5
2005,10,87,NA,NA,5
2005,10,98,NA,NA,5
2005,10,100,NA,NA,5
2005,11,2,899201.5377455188,568703.1376264784,5
2005,11,3,9538447.185716191,6032631.724269094,5
2005,11,87,7749991.791752426,4901511.091873254,5
2005,11,98,NA,NA,5
2005,11,100,7521.963048247326,4284.290489915739,5
2006,1,2,54.6934563402604,11.208735658862642,5
2006,1,3,384.99043072126665,53.34260207993534,5
2006,1,87,338.21286434709737,35.90746944129113,5
2006,1,98,NA,NA,5
2006,1,100,3795.3558306008845,1383.6109603925677,5
2006,2,2,201.3332380786983,21.03972461928942,5
2006,2,3,1747.2054861161482,277.42854830363405,5
2006,2,87,2663.0379801048043,429.2865642667757,5
2006,2,98,NA,NA,5
2006,2,100,13741.202783571902,2426.859738961665,5
2006,3,2,120.25524474118897,102.180002031868,5
2006,3,3,580.4757502313636,238.80178398714423,5
2006,3,87,691.9009393424501,363.8025604377384,5
2006,3,98,NA,NA,5
2006,3,100,2.2649126003914937,0.8795333035186499,5
2006,4,2,26.949574904635995,12.526080008412103,5
2006,4,3,132.7604580279769,21.280052757991772,5
2006,4,87,149.00532713943878,16.40798336208228,5
2006,4,98,NA,NA,5
2006,4,100,2689.324822241702,1570.0733161936482,5
2006,5,2,95.01351890574398,75.0264416403424,5
2006,5,3,102.33983476078267,12.692205948241352,5
2006,5,87,110.63067893952845,3.9093910674962467,5
2006,5,98,NA,NA,5
2006,5,100,36390.24694740518,33456.76059933352,5
2006,6,2,539.8333908548184,285.5958134473441,5
2006,6,3,555.1884294651346,146.14489595462686,5
2006,6,87,1654.4328254257573,648.4748741055905,5
2006,6,98,NA,NA,5
2006,6,100,944.2905489860073,301.3615445011253,5
2006,7,2,NA,NA,5
2006,7,3,NA,NA,5
2006,7,87,NA,NA,5
2006,7,98,NA,NA,5
2006,7,100,NA,NA,5
2006,8,2,114.74985159508512,22.53585992989437,5
2006,8,3,453.00872410699634,107.8131236376573,5
2006,8,87,825.182084050888,252.228672008914,5
2006,8,98,NA,NA,5
2006,8,100,5850.275007682707,1093.3465819886237,5
2006,9,2,NA,NA,5
2006,9,3,NA,NA,5
2006,9,87,NA,NA,5
2006,9,98,NA,NA,5
2006,9,100,NA,NA,5
2006,10,2,NA,NA,5
2006,10,3,NA,NA,5
2006,10,87,NA,NA,5
2006,10,98,NA,NA,5
2006,10,100,NA,NA,5
2006,11,2,2.9240535807818215,NA,5
2006,11,3,18.918876586767855,NA,5
2006,11,87,22.27830327039953,NA,5
2006,11,98,NA,NA,5
2006,11,100,747.904995281133,NA,5
2007,1,2,58.46390282184032,11.100521637813443,5
2007,1,3,477.7253264762066,90.08615255411954,5
2007,1,87,457.5699559840367,113.45045355313931,5
2007,1,98,NA,NA,5
2007,1,100,2509.7552573389266,929.1171494579075,5
2007,2,2,173.9285577522891,13.040515598838848,5
2007,2,3,1699.0096780566691,287.88513099107087,5
2007,2,87,2822.350569457718,366.2501115702085,5
2007,2,98,NA,NA,5
2007,2,100,14712.928228948555,1814.025219189686,5
2007,3,2,150.6209724007465,98.91474019229356,5
2007,3,3,621.1528999333922,222.00843997355432,5
2007,3,87,753.2414236522628,342.4760087715819,5
2007,3,98,NA,NA,5
2007,3,100,2.7850835235040003,1.0999783433704617,5
2007,4,2,16.38673537732129,3.460492212387389,5
2007,4,3,156.3584105226533,26.177277077031494,5
2007,4,87,168.66269202087713,17.209597024910973,5
2007,4,98,NA,NA,5
2007,4,100,2837.5350864670977,1559.004747219987,5
2007,5,2,17.85438764071463,2.948132978780645,5
2007,5,3,93.41325180719423,11.608166039249634,5
2007,5,87,103.04229510487154,6.668422648622061,5
2007,5,98,NA,NA,5
2007,5,100,2455.5988119517874,848.3406693816431,5
2007,6,2,638.010805829219,286.14832675940045,5
2007,6,3,932.951569707594,350.0607436237304,5
2007,6,87,2287.7492849883724,704.3173053925029,5
2007,6,98,NA,NA,5
2007,6,100,1118.441813827303,209.3831013362502,5
2007,7,2,NA,NA,5
2007,7,3,NA,NA,5
2007,7,87,NA,NA,5
2007,7,98,NA,NA,5
2007,7,100,NA,NA,5
2007,8,2,101.34175067189466,15.68657223634619,5
2007,8,3,535.9470802613318,117.47803653968434,5
2007,8,87,1082.8521613671826,330.01126095357847,5
2007,8,98,NA,NA,5
2007,8,100,5534.389612977629,1254.9233457676817,5
2007,9,2,NA,NA,5
2007,9,3,NA,NA,5
2007,9,87,NA,NA,5
2007,9,98,NA,NA,5
2007,9,100,NA,NA,5
2007,10,2,NA,NA,5
2007,10,3,NA,NA,5
2007,10,87,NA,NA,5
2007,10,98,NA,NA,5
2007,10,100,NA,NA,5
2007,11,2,NA,NA,5
2007,11,3,NA,NA,5
2007,11,87,NA,NA,5
2007,11,98,NA,NA,5
2007,11,100,NA,NA,5
2008,1,2,61.987353438248185,10.806595896480944,5
2008,1,3,516.3677754330067,77.33496445093046,5
2008,1,87,561.5420389443232,112.27232923767187,5
2008,1,98,NA,NA,5
2008,1,100,10059.39205360544,7203.77674229957,5
2008,2,2,181.81257359606371,17.596876777603338,5
2008,2,3,2473.680245900777,854.7621195232505,5
2008,2,87,4135.714042935113,1037.6317338924837,5
2008,2,98,NA,NA,5
2008,2,100,19829.282910658905,6619.539875855935,5
2008,3,2,150.50224531673288,98.95223967490244,5
2008,3,3,600.7397058713946,224.21754015042222,5
2008,3,87,782.613831136171,333.10444785641516,5
2008,3,98,NA,NA,5
2008,3,100,10585.545127722726,10582.3244617187,5
2008,4,2,14.776467523987323,4.056111306274311,5
2008,4,3,145.76283507031158,30.480150340472175,5
2008,4,87,147.80245827420384,27.336611910706697,5
2008,4,98,NA,NA,5
2008,4,100,2465.944225929895,1642.371921906672,5
2008,5,2,25.52467421291919,7.671282032117884,5
2008,5,3,106.52140597683238,18.472966044507388,5
2008,5,87,146.82791390762856,45.02255307545657,5
2008,5,98,NA,NA,5
2008,5,100,3163.7021252808754,1054.5384634975892,5
2008,6,2,772.4896110627333,300.2954314510941,5
2008,6,3,939.7974308449584,349.645202989428,5
2008,6,87,2572.0382204272237,877.8883919480161,5
2008,6,98,NA,NA,5
2008,6,100,1633.6970989408028,530.7478188982612,5
2008,7,2,NA,NA,5
2008,7,3,NA,NA,5
2008,7,87,NA,NA,5
2008,7,98,NA,NA,5
2008,7,100,NA,NA,5
2008,8,2,111.22610318843552,15.989041490087903,5
2008,8,3,641.7816812737817,101.08161438161467,5
2008,8,87,1258.3290988114509,282.1459530244401,5
2008,8,98,NA,NA,5
2008,8,100,10463.467620049478,4604.525617692395,5
2008,9,2,NA,NA,5
2008,9,3,NA,NA,5
2008,9,87,NA,NA,5
2008,9,98,NA,NA,5
2008,9,100,NA,NA,5
2008,10,2,NA,NA,5
2008,10,3,NA,NA,5
2008,10,87,NA,NA,5
2008,10,98,NA,NA,5
2008,10,100,NA,NA,5
2008,11,2,NA,NA,5
2008,11,3,NA,NA,5
2008,11,87,NA,NA,5
2008,11,98,NA,NA,5
2008,11,100,NA,NA,5
2009,1,2,54.261266705736745,6.313736584697028,5
2009,1,3,514.6533816464912,77.1214797474777,5
2009,1,87,622.7602263202735,107.4473924599233,5
2009,1,98,NA,NA,5
2009,1,100,9768.739479576827,7276.0526290900225,5
2009,2,2,177.12890135278337,16.21846727027364,5
2009,2,3,2646.783603692756,806.3597200746399,5
2009,2,87,4032.410379569107,1075.3263756095023,5
2009,2,98,NA,NA,5
2009,2,100,19664.99984684278,6680.040368669595,5
2009,3,2,45.08441935090737,31.068504340871414,5
2009,3,3,457.371420282413,82.97779540871743,5
2009,3,87,687.5414825287148,245.28484126684532,5
2009,3,98,NA,NA,5
2009,3,100,11105.895012458317,10464.349402033242,5
2009,4,2,21.376814746436896,6.322297991792087,5
2009,4,3,162.80815850525832,31.626078798813833,5
2009,4,87,161.64421878900265,27.928304465656122,5
2009,4,98,30.69243273584853,NA,5
2009,4,100,2541.5600058057157,1621.9830351532958,5
2009,5,2,21.783781170241596,8.726590246272142,5
2009,5,3,109.61029213001203,19.405520946640774,5
2009,5,87,163.26552143244623,44.5298855195316,5
2009,5,98,NA,NA,5
2009,5,100,3879.1746305423944,1538.704654918463,5
2009,6,2,803.8109838375794,284.10129025346873,5
2009,6,3,832.8842743879327,365.3994211800641,5
2009,6,87,2881.5642497022986,799.7526489577523,5
2009,6,98,0.09088135860775415,NA,5
2009,6,100,1435.1933072745917,598.8632846161312,5
2009,7,2,NA,NA,5
2009,7,3,NA,NA,5
2009,7,87,NA,NA,5
2009,7,98,NA,NA,5
2009,7,100,NA,NA,5
2009,8,2,119.05120706387973,14.928058805990863,5
2009,8,3,729.4357933642399,96.36788829467994,5
2009,8,87,1333.1674722350122,255.91564216186083,5
2009,8,98,624.8332726719899,NA,5
2009,8,100,11589.763374061062,4407.160422323358,5
2009,9,2,NA,NA,5
2009,9,3,NA,NA,5
2009,9,87,NA,NA,5
2009,9,98,NA,NA,5
2009,9,100,NA,NA,5
2009,10,2,NA,NA,5
2009,10,3,NA,NA,5
2009,10,87,NA,NA,5
2009,10,98,NA,NA,5
2009,10,100,NA,NA,5
2009,11,2,NA,NA,5
2009,11,3,NA,NA,5
2009,11,87,NA,NA,5
2009,11,98,NA,NA,5
2009,11,100,NA,NA,5
2010,1,2,73.00072449358416,13.195337181472247,5
2010,1,3,642.4139634586318,93.25821153153386,5
2010,1,87,871.0344942601507,185.67042144194227,5
2010,1,98,0.31647820624899736,NA,5
2010,1,100,11705.940860603,6934.088157793271,5
2010,2,2,167.22149506608525,19.615150494195714,5
2010,2,3,2984.1178928497584,737.9415745099542,5
2010,2,87,4070.6612052429346,1072.431327489131,5
2010,2,98,NA,NA,5
2010,2,100,19066.807177256713,6811.829653209616,5
2010,3,2,89.9847023388325,49.738359733799314,5
2010,3,3,425.35017430357107,97.0411048441686,5
2010,3,87,768.7974571297382,217.4203952660976,5
2010,3,98,NA,NA,5
2010,3,100,11469.030085515047,10373.957334601078,5
2010,4,2,27.7688521281316,6.724474880652046,5
2010,4,3,185.25899941887783,26.880289545234216,5
2010,4,87,208.49235358219846,48.9500863474158,5
2010,4,98,30.69243273584853,NA,5
2010,4,100,3545.889884089879,1546.4238293350065,5
2010,5,2,21.714506069025756,8.72010141026732,5
2010,5,3,115.7484119460245,20.231234789168905,5
2010,5,87,172.7270129815836,43.26091303960769,5
2010,5,98,NA,NA,5
2010,5,100,5690.493137587682,2269.8617253327434,5
2010,6,2,864.5631562757768,251.52561109962608,5
2010,6,3,1032.7208784034137,327.814393361872,5
2010,6,87,3396.0128902200095,469.8113796909523,5
2010,6,98,0.09088135860775415,NA,5
2010,6,100,1462.490392792321,589.5297172225298,5
2010,7,2,NA,NA,5
2010,7,3,NA,NA,5
2010,7,87,NA,NA,5
2010,7,98,NA,NA,5
2010,7,100,NA,NA,5
2010,8,2,223.03344481377576,91.02541984101467,5
2010,8,3,904.7328904742926,85.52025931929555,5
2010,8,87,2064.6381963209537,553.0119595631618,5
2010,8,98,624.8332726719899,NA,5
2010,8,100,13605.094972324416,4325.920624308689,5
2010,9,2,NA,NA,5
2010,9,3,NA,NA,5
2010,9,87,NA,NA,5
2010,9,98,NA,NA,5
2010,9,100,NA,NA,5
2010,10,2,NA,NA,5
2010,10,3,NA,NA,5
2010,10,87,NA,NA,5
2010,10,98,NA,NA,5
2010,10,100,NA,NA,5
2010,11,2,38.76945413577087,NA,5
2010,11,3,6.096035915949345,NA,5
2010,11,87,25.281419244646305,NA,5
2010,11,98,NA,NA,5
2010,11,100,NA,NA,5
2011,1,2,128.4524099953799,51.471492766710995,5
2011,1,3,882.8885410378692,211.5631309220286,5
2011,1,87,1123.2248960756417,208.37393929641914,5
2011,1,98,0.31647820624899736,NA,5
2011,1,100,12921.820234305918,6776.890428614954,5
2011,2,2,176.8234065839397,20.286641987340566,5
2011,2,3,3364.5954592534085,805.5331444263388,5
2011,2,87,4372.227810043449,1077.3936432334558,5
2011,2,98,NA,NA,5
2011,2,100,21108.538274824696,6936.043342282694,5
2011,3,2,126.88864001618322,48.17049500744417,5
2011,3,3,433.6834305926366,96.04036093567397,5
2011,3,87,1023.7606372820393,353.6309675042338,5
2011,3,98,NA,NA,5
2011,3,100,12598.564113824861,10120.170840177614,5
2011,4,2,51.9591290544907,24.738474030176953,5
2011,4,3,261.14819183816695,86.97823218918448,5
2011,4,87,305.5525200699471,107.62480714608664,5
2011,4,98,7646.96082600683,4816.951078777468,5
2011,4,100,5301.9924692732275,3171.618189312295,5
2011,5,2,22.568311424957763,8.609524007420779,5
2011,5,3,148.20717306540192,22.093190137396935,5
2011,5,87,205.87772865998284,41.939036607965804,5
2011,5,98,NA,NA,5
2011,5,100,6518.285694744966,1978.2109832333101,5
2011,6,2,616.4019145551563,167.96919969603326,5
2011,6,3,990.6423093862106,347.32127512752504,5
2011,6,87,3515.6286066143252,437.3511162925537,5
2011,6,98,0.09088135860775415,NA,5
2011,6,100,1109.59425900514,638.0919032645402,5
2011,7,2,NA,NA,5
2011,7,3,NA,NA,5
2011,7,87,NA,NA,5
2011,7,98,NA,NA,5
2011,7,100,NA,NA,5
2011,8,2,365.15423875264196,154.07521226829078,5
2011,8,3,900.5450873442176,86.07947365321948,5
2011,8,87,2886.984042125628,936.1979209475993,5
2011,8,98,624.8332726719899,NA,5
2011,8,100,18182.074770786472,5527.3769145307815,5
2011,9,2,NA,NA,5
2011,9,3,NA,NA,5
2011,9,87,NA,NA,5
2011,9,98,NA,NA,5
2011,9,100,NA,NA,5
2011,10,2,NA,NA,5
2011,10,3,NA,NA,5
2011,10,87,NA,NA,5
2011,10,98,NA,NA,5
2011,10,100,NA,NA,5
2011,11,2,38.76945413577087,NA,5
2011,11,3,7.6109096306772495,0.9580902612120675,5
2011,11,87,25.281419244646305,NA,5
2011,11,98,NA,NA,5
2011,11,100,NA,NA,5
2012,1,2,154.44218845884856,49.96641232045222,5
2012,1,3,1077.769138409199,269.0824929214269,5
2012,1,87,1388.32237200075,287.80079597373117,5
2012,1,98,7843.193311294248,4960.270840145261,5
2012,1,100,14768.798424346236,6233.600606104106,5
2012,2,2,201.4893252588144,23.53002679892377,5
2012,2,3,3938.2043057496535,634.2036913438526,5
2012,2,87,5244.213058848665,1053.488644331963,5
2012,2,98,2.8181433177070336,NA,5
2012,2,100,22996.314011143135,6513.143780893753,5
2012,3,2,155.55485897147835,61.09746736537512,5
2012,3,3,586.7928287888591,155.29959469704323,5
2012,3,87,1286.3820506705342,331.84939442011864,5
2012,3,98,NA,NA,5
2012,3,100,14894.619524709642,9655.700155731622,5
2012,4,2,58.11156257555601,23.661013810404405,5
2012,4,3,265.2133990183632,86.6297309033054,5
2012,4,87,358.92800818818824,109.09241556699276,5
2012,4,98,7283.636734595118,3417.705587804162,5
2012,4,100,5349.4789806134895,3162.094843705715,5
2012,5,2,28.740870261766418,8.427108357589503,5
2012,5,3,180.841186432465,21.54086057812435,5
2012,5,87,234.5352629962027,27.909717896587228,5
2012,5,98,0.3202150359944646,NA,5
2012,5,100,6780.538629911774,1787.4333004935731,5
2012,6,2,798.3830230230902,285.9177490223581,5
2012,6,3,787.6454167094005,191.40973035536024,5
2012,6,87,5373.24490716535,1974.7377087303212,5
2012,6,98,0.09088135860775415,NA,5
2012,6,100,1209.8777632969463,638.8071715664024,5
2012,7,2,NA,NA,5
2012,7,3,NA,NA,5
2012,7,87,NA,NA,5
2012,7,98,NA,NA,5
2012,7,100,NA,NA,5
2012,8,2,414.384683147946,141.31579643316505,5
2012,8,3,1011.7077012239293,107.88891186428502,5
2012,8,87,3337.2969681460318,931.7808517717954,5
2012,8,98,436.9933416794537,118.80040349305342,5
2012,8,100,18990.113904890743,4986.891442435855,5
2012,9,2,NA,NA,5
2012,9,3,NA,NA,5
2012,9,87,NA,NA,5
2012,9,98,NA,NA,5
2012,9,100,NA,NA,5
2012,10,2,NA,NA,5
2012,10,3,NA,NA,5
2012,10,87,NA,NA,5
2012,10,98,NA,NA,5
2012,10,100,NA,NA,5
2012,11,2,38.76945413577087,NA,5
2012,11,3,7.6109096306772495,0.9580902612120675,5
2012,11,87,25.281419244646305,NA,5
2012,11,98,NA,NA,5
2012,11,100,NA,NA,5
2013,1,2,188.66908165742413,46.302799135053164,5
2013,1,3,1359.5837871446233,260.8454735111046,5
2013,1,87,1929.807857549666,455.0884200299071,5
2013,1,98,8736.33598062745,3575.0196783329557,5
2013,1,100,9755.580487206173,2015.0353441180146,5
2013,2,2,338.46588988885793,146.53961268855073,5
2013,2,3,5463.424818469157,2017.053971400588,5
2013,2,87,6231.146334083774,1881.8466991047408,5
2013,2,98,101922.28618734147,64459.53138637227,5
2013,2,100,23352.223712614013,6828.1999042804855,5
2013,3,2,3890.4155551443823,3702.6512761074546,5
2013,3,3,694.9019216852319,170.68089245073435,5
2013,3,87,1605.1699387773149,268.51582013665467,5
2013,3,98,625003.6686532422,NA,5
2013,3,100,14284.758838750033,9055.99005276202,5
2013,4,2,60.11165246989113,22.6213473260224,5
2013,4,3,306.3756633092836,73.19418719445443,5
2013,4,87,450.09571286125976,81.947737022562393,5
2013,4,98,5462.752911469655,3231.0424490858254,5
2013,4,100,5361.635756044521,3157.2481010942292,5
2013,5,2,24.866623340416556,6.099613514452399,5
2013,5,3,190.27159919299487,21.78730718540589,5
2013,5,87,234.21617552264567,27.651907204839404,5
2013,5,98,1.2167854927379225,0.5670409452253595,5
2013,5,100,6889.5500342972455,1774.0516014805971,5
2013,6,2,578.7981335468679,299.55448350084805,5
2013,6,3,879.692584154987,220.98343222142464,5
2013,6,87,4934.090411848766,2039.2287193030259,5
2013,6,98,0.09088135860775415,NA,5
2013,6,100,554.669555187824,241.80771120790794,5
2013,7,2,1021.0042950603084,NA,5
2013,7,3,909.3127764186688,NA,5
2013,7,87,13157.848182632846,NA,5
2013,7,98,1168723.5785623011,NA,5
2013,7,100,15874.186150705667,NA,5
2013,8,2,583.5211699810571,157.40224111960723,5
2013,8,3,1238.5906124213807,193.59921186903682,5
2013,8,87,5081.558140010366,1453.3934275996048,5
2013,8,98,298.6358099856628,136.17067188236666,5
2013,8,100,15973.431572503458,4466.444536796694,5
2013,9,2,512.7771657391111,NA,5
2013,9,3,91.16038502028641,NA,5
2013,9,87,455.7682080674654,NA,5
2013,9,98,NA,NA,5
2013,9,100,35085.39348806123,NA,5
2013,10,2,177.90786952289653,NA,5
2013,10,3,53.90605805497552,NA,5
2013,10,87,75473.516862919,NA,5
2013,10,98,3116596.252180734,NA,5
2013,10,100,30958.1890143614,NA,5
2013,11,2,24.694090552262402,8.902041563775274,5
2013,11,3,22.622341834299863,11.647524481909858,5
2013,11,87,52.597073280390845,17.27593650602464,5
2013,11,98,NA,NA,5
2013,11,100,736.7740133541395,NA,5
2014,1,2,213.53820485530642,33.86105196865579,5
2014,1,3,1475.8234870973133,185.6912387797092,5
2014,1,87,2171.1957074097395,343.82843983037174,5
2014,1,98,6557.197565583512,3509.903966280949,5
2014,1,100,11910.855104828126,576.9740480383397,5
2014,2,2,434.40287204735125,153.11462263908612,5
2014,2,3,6219.237612441958,1831.695966944773,5
2014,2,87,7873.219623012483,1731.1374929809563,5
2014,2,98,67948.47364767671,52631.241258054375,5
2014,2,100,25162.697988437285,6115.511958499726,5
2014,3,2,3945.623516553669,3688.5404194414277,5
2014,3,3,655.0016050497632,170.61066983688778,5
2014,3,87,1508.0386680223307,288.86156654207167,5
2014,3,98,312576.1303407494,197596.52496539927,5
2014,3,100,14458.200542474013,9001.555031656146,5
2014,4,2,70.85372929328518,22.983702733230068,5
2014,4,3,396.1798198809163,94.24115978045485,5
2014,4,87,671.6369965177638,165.63183989326467,5
2014,4,98,5944.050548969063,3038.1880082917864,5
2014,4,100,7391.822464574249,3097.3842630734052,5
2014,5,2,32.075662210508824,4.212741104613467,5
2014,5,3,201.87789411846651,17.603429606710957,5
2014,5,87,264.0148969758877,31.706630427150483,5
2014,5,98,0.9411556990462839,0.454258502048483,5
2014,5,100,6030.9435582733495,1748.078004652875,5
2014,6,2,526.3679595936122,317.4630000889502,5
2014,6,3,805.8801435792745,267.7280050532239,5
2014,6,87,7456.627301523359,2765.0245095269584,5
2014,6,98,NA,NA,5
2014,6,100,556.9628319659586,241.1259571057915,5
2014,7,2,808.9952200618422,134.08631232412242,5
2014,7,3,1373.472611405866,293.560455385491,5
2014,7,87,9460.984949941652,2338.1016026874436,5
2014,7,98,1168723.5785623011,NA,5
2014,7,100,13685.161960201218,1384.4604590400781,5
2014,8,2,619.5090265172731,133.5803176326738,5
2014,8,3,1203.5194095159663,211.98404558154593,5
2014,8,87,5715.4846748783375,1119.823674559518,5
2014,8,98,93.45329702852247,60.36854302039461,5
2014,8,100,44352.18754425449,27390.689487485106,5
2014,9,2,17925.542035693787,11012.799470004484,5
2014,9,3,156.7559843089217,41.486299647161644,5
2014,9,87,1455.0054977614536,631.9731516812996,5
2014,9,98,NA,NA,5
2014,9,100,18128.99915963298,10724.165396358892,5
2014,10,2,251.00989426221784,46.23377994924639,5
2014,10,3,62.609657103474625,5.504639366826297,5
2014,10,87,179713.38816982653,65927.08326653212,5
2014,10,98,3116596.252180734,NA,5
2014,10,100,26124.469045893966,3057.1129343588736,5
2014,11,2,78.1457764440944,41.87926464026122,5
2014,11,3,63.744401460951565,37.99029149736519,5
2014,11,87,139.5859122949668,68.4796601841918,5
2014,11,98,19846.195554825503,NA,5
2014,11,100,400.2087082386371,212.8625891109015,5
2015,1,2,222.64025062136585,28.733347806064756,5
2015,1,3,1546.9013192362786,143.26668554435676,5
2015,1,87,2528.0931550453242,367.6278437574324,5
2015,1,98,6557.754759117001,3509.6264179098675,5
2015,1,100,11941.620719028226,559.5701523950519,5
2015,2,2,516.280805421312,131.88199765305677,5
2015,2,3,7251.4492601552265,1666.074087667293,5
2015,2,87,9092.714267989835,1419.089903402518,5
2015,2,98,50961.553315946185,45580.06955670718,5
2015,2,100,24123.80844455379,6734.592474623231,5
2015,3,2,18536.400456772753,14124.91062892825,5
2015,3,3,1071.7059540827825,329.5653164073098,5
2015,3,87,1907.4261663904786,253.7925323615236,5
2015,3,98,215429.89936638833,158696.65231098977,5
2015,3,100,16972.79472072172,8453.554848599935,5
2015,4,2,64.73980569932205,25.558564837883093,5
2015,4,3,394.99450229102996,94.84647169603326,5
2015,4,87,644.5565945567007,179.54238156372801,5
2015,4,98,5944.050548969063,3038.1880082917864,5
2015,4,100,6952.0131502952045,3208.7511258075456,5
2015,5,2,32.127807499403694,4.190628470482836,5
2015,5,3,235.80158838931803,19.720354847741465,5
2015,5,87,299.2332234726033,23.594029598325193,5
2015,5,98,0.8480118897151804,0.38014182418616915,5
2015,5,100,4741.519521551541,787.406316085817,5
2015,6,2,125.8075642512158,533.1098979788125,5
2015,6,3,591.4115718187694,280.09540676387843,5
2015,6,87,7418.078571935679,2781.4867697861823,5
2015,6,98,0.23164706494735374,NA,5
2015,6,100,497.1734261832843,239.39273082747263,5
2015,7,2,568.6540187472972,208.9208113279581,5
2015,7,3,1571.3008974773209,258.01257516844026,5
2015,7,87,8465.721703224646,1824.1954145332684,5
2015,7,98,751429.4581940582,263919.97491202183,5
2015,7,100,17429.481505837506,3061.098282842792,5
2015,8,2,671.1093895016145,140.15623005196463,5
2015,8,3,1536.044249687125,400.47589635612354,5
2015,8,87,6837.091951036437,1285.8981796552914,5
2015,8,98,73.62283828170199,52.38484195093369,5
2015,8,100,47176.978385949675,26823.510528261748,5
2015,9,2,17925.542035693787,11012.799470004484,5
2015,9,3,110.67042924419769,46.204800189820844,5
2015,9,87,997.8634133998902,570.1599454536054,5
2015,9,98,NA,NA,5
2015,9,100,18128.99915963298,10724.165396358892,5
2015,10,2,220.9849577395488,40.12080871707164,5
2015,10,3,133.39554714721186,54.96849884115302,5
2015,10,87,120876.28675484749,65194.11672663452,5
2015,10,98,3116596.252180734,NA,5
2015,10,100,26124.469045893966,3057.1129343588736,5
2015,11,2,76.68805916876224,42.30351637585993,5
2015,11,3,84.20696508209977,33.89834318395477,5
2015,11,87,170.2236499374833,56.13775732955002,5
2015,11,98,9923.127695087636,6275.8991626367815,5
2015,11,100,318.02914587936937,163.42377184251592,5
2016,1,2,234.13791477636107,39.58683779443042,5
2016,1,3,1696.0739165207306,226.92262038944497,5
2016,1,87,3510.7342190636036,832.564646192201,5
2016,1,98,74730.41952102986,68240.38634807926,5
2016,1,100,14883.784568754076,2961.9715442524043,5
2016,2,2,543.4299674345173,117.72165792669486,5
2016,2,3,7934.75803976111,1536.911870857946,5
2016,2,87,10121.941896320637,995.3333044359686,5
2016,2,98,40771.87253376697,40767.47048859434,5
2016,2,100,22634.306642877164,6747.741616729628,5
2016,3,2,18829.187673749042,14032.582687094973,5
2016,3,3,2080.8718531335217,888.8777771197812,5
2016,3,87,2869.0220955150953,1050.1164277555713,5
2016,3,98,161573.69790048886,138239.44439104645,5
2016,3,100,15849.126569135236,8893.127267794454,5
2016,4,2,43.713723947889434,15.114110475543386,5
2016,4,3,309.87732659315026,88.33405436741083,5
2016,4,87,625.7135424354615,179.3655797539204,5
2016,4,98,473290.8141655432,420787.890532297,5
2016,4,100,73865.59260318843,69585.86879421902,5
2016,5,2,44.46756068712074,9.67939036597809,5
2016,5,3,216.1046871384384,30.860504444876163,5
2016,5,87,305.1403631228455,22.17200901798172,5
2016,5,98,2.619419657035188,1.8017398072400315,5
2016,5,100,7226.571322684318,2709.411411912235,5
2016,6,2,56.61720551838762,610.3756849475601,5
2016,6,3,691.4060626722425,270.0162470796289,5
2016,6,87,7244.105829680723,2851.037263661285,5
2016,6,98,0.23164706494735374,NA,5
2016,6,100,542.0110748866072,222.82601790860002,5
2016,7,2,566.4268548769851,170.59475903754787,5
2016,7,3,1250.2951880778326,356.11242373304196,5
2016,7,87,6933.092672995644,2024.2580539652931,5
2016,7,98,2058530.6940946276,1029531.4765049481,5
2016,7,100,26875.8461484254,8811.011619941064,5
2016,8,2,697.2634577927984,151.28689626949526,5
2016,8,3,1802.4409245330223,373.47123195053103,5
2016,8,87,7708.695367288905,1418.924795924374,5
2016,8,98,235535.64965944394,235462.03119156696,5
2016,8,100,104365.56495283592,59754.62332287101,5
2016,9,2,12366.609714474498,8898.421950795735,5
2016,9,3,143.31881934538742,47.70733285370028,5
2016,9,87,1497.6446032714728,645.4041879313583,5
2016,9,98,NA,NA,5
2016,9,100,18128.99915963298,10724.165396358892,5
2016,10,2,4396.237967937612,3734.6034968738595,5
2016,10,3,158.6580279655884,50.248498414502905,5
2016,10,87,94606.47562307282,58185.8884842077,5
2016,10,98,2734361.4526528404,241746.51349719948,5
2016,10,100,97312.91422829799,55184.688150243244,5
2016,11,2,61.26822260340711,37.192410779668165,5
2016,11,3,173.93566174104416,63.222274799227904,5
2016,11,87,245.862088326524,81.71844276665537,5
2016,11,98,6732.993352388929,5079.333561056209,5
2016,11,100,554.6039746182798,250.15796171572407,5
2017,1,2,267.19117796757087,44.80419237973867,5
2017,1,3,1827.6623305634962,269.1470342463931,5
2017,1,87,4267.15430940988,880.6774811240135,5
2017,1,98,786652.4025336026,700337.1867026152,5
2017,1,100,42587.589564476024,26829.572196754285,5
2017,2,2,593.165816834303,96.65415725020175,5
2017,2,3,8842.632868998713,1225.7653369413501,5
2017,2,87,10724.984386249362,611.7401398217016,5
2017,2,98,40772.36963091323,40767.346212320714,5
2017,2,100,22460.157614998177,6762.156480037246,5
2017,3,2,18811.687519210573,14038.365819669822,5
2017,3,3,3373.2103450269087,1348.4806820478348,5
2017,3,87,5649.28487858033,2684.141955976325,5
2017,3,98,129259.01016459322,124003.41540710628,5
2017,3,100,13552.49264869249,9453.715909823739,5
2017,4,2,45.35453485164379,15.463763954008249,5
2017,4,3,301.27587089582715,90.34393514593867,5
2017,4,87,659.3863189812106,175.53379683150496,5
2017,4,98,786246.0520792177,421322.8485007685,5
2017,4,100,142134.04509835955,84146.04180295889,5
2017,5,2,55.8330727000743,14.06863609605537,5
2017,5,3,278.93862486713726,76.13621056731613,5
2017,5,87,488.8981063314634,163.56627552247693,5
2017,5,98,132273.451791919,132270.25758212912,5
2017,5,100,10396.016115405548,2971.270855389779,5
2017,6,2,-508.0791894096243,419.7371713693855,5
2017,6,3,12123.593836864664,11564.06317951463,5
2017,6,87,13013.730801553113,7632.523203614641,5
2017,6,98,0.23164706494735374,NA,5
2017,6,100,318.1152808512614,22.854288829832626,5
2017,7,2,457.20354226679717,183.7298584222284,5
2017,7,3,1575.7062625617773,448.3351549338527,5
2017,7,87,7377.290614761241,1808.4599285721843,5
2017,7,98,1572590.284441878,946326.49728468,5
2017,7,100,22599.166804559154,8747.3099027818,5
2017,8,2,764.046146728754,126.79470961248913,5
2017,8,3,2223.8945719425533,461.9131173863653,5
2017,8,87,9193.631973811694,1270.5264691077282,5
2017,8,98,1023941.7658010917,764379.4317996699,5
2017,8,100,115667.8728747478,56085.04923218149,5
2017,9,2,9276.392567489514,7773.512446465344,5
2017,9,3,157.79860828359944,43.77963560498739,5
2017,9,87,1456.3272305107362,560.4614613346324,5
2017,9,98,NA,NA,5
2017,9,100,12176.319954638053,8874.936369055169,5
2017,10,2,3578.3101588775526,3336.0835361214563,5
2017,10,3,211.51748303820065,68.46755206123365,5
2017,10,87,76175.11073121178,53655.506947557755,5
2017,10,98,2734361.4526528404,241746.51349719948,5
2017,10,100,73152.60386442552,49972.08902640199,5
2017,11,2,54.31795510422758,32.95091475229229,5
2017,11,3,288.04948341339264,126.56917602544608,5
2017,11,87,401.74463967865614,171.19520358995302,5
2017,11,98,5049.839609130506,4412.046936332822,5
2017,11,100,448.56335304865706,241.20295972519946,5
2018,1,2,590.5105106782089,318.7216697047829,5
2018,1,3,2770.5209199469077,995.923658728008,5
2018,1,87,5441.968979819308,1299.4554016199243,5
2018,1,98,936628.9971044358,674362.293750054,5
2018,1,100,267007.2352714222,218706.6328783888,5
2018,2,2,869.3999515302761,361.24131135241726,5
2018,2,3,10411.601485978657,2734.5390411254207,5
2018,2,87,14919.973939508669,4798.097227317025,5
2018,2,98,14.52513658014014,9.76491420463195,5
2018,2,100,19009.5917026115,3756.998081252924,5
2018,3,2,18839.71508476401,16210.076263133087,5
2018,3,3,10950.529698370538,7089.257790238297,5
2018,3,87,15786.153593731286,9564.822790758339,5
2018,3,98,5322.845542430981,4715.100759003092,5
2018,3,100,3579.456846343335,2785.413826777537,5
2018,4,2,47.265939949850406,14.65343726510875,5
2018,4,3,295.240556432009,90.82665154646031,5
2018,4,87,677.8096471663223,172.7868357564291,5
2018,4,98,1144690.3665935702,360543.9347058381,5
2018,4,100,153883.03767883554,79910.375739169,5
2018,5,2,80.02596921444352,22.935623946030457,5
2018,5,3,417.7635257656241,142.7615075649004,5
2018,5,87,671.3501644857596,211.9939262030938,5
2018,5,98,320054.53633340594,200843.54373439445,5
2018,5,100,70192.17137497429,58821.32443500629,5
2018,6,2,1777899.9166595486,1377771.6484195197,5
2018,6,3,545439.8689882982,530736.7071344901,5
2018,6,87,478539.048243188,463047.0722662949,5
2018,6,98,2667645.564581253,1687167.0483180443,5
2018,6,100,404.48213406801744,87.70301587501542,5
2018,7,2,278.20818615076064,123.84320782576985,5
2018,7,3,1835.0760071262273,426.4456840030322,5
2018,7,87,6543.5885482412305,1247.379274312678,5
2018,7,98,1298495.4739099483,1007310.7868544022,5
2018,7,100,105538.35619857247,81710.11164972668,5
2018,8,2,1107.1514656407778,413.047406545105,5
2018,8,3,3601.486352897934,1379.09434441115,5
2018,8,87,12019.775732883249,3276.5864964938373,5
2018,8,98,1023939.1201444867,764380.3177970612,5
2018,8,100,119342.7820894991,54504.68910094757,5
2018,9,2,9149.734141857714,7812.318607808665,5
2018,9,3,156.87871709344006,44.137882264117636,5
2018,9,87,1728.9865698845695,502.0500811245543,5
2018,9,98,NA,NA,5
2018,9,100,721.7831879264636,285.1246422518509,5
2018,10,2,4428.410731216217,3725.0113873454784,5
2018,10,3,329.49673369557536,96.48559666422979,5
2018,10,87,62995.278682192824,55292.35791061118,5
2018,10,98,2352126.6531249466,NA,5
2018,10,100,87217.4088144469,59232.01867702463,5
2018,11,2,60.50189638160909,31.446576640496232,5
2018,11,3,597.8947080275254,274.87155903844155,5
2018,11,87,1687.5495278364842,1214.7820730906078,5
2018,11,98,4043.475646875663,3951.251327216247,5
2018,11,100,324.225951809101,236.05290693241312,5
2019,1,2,774.2256388572465,312.9024067411866,5
2019,1,3,3191.036626328429,907.7181325915722,5
2019,1,87,6393.743227894886,957.7106806310707,5
2019,1,98,1296694.427328276,644818.8252041878,5
2019,1,100,357388.88167161355,210978.44293307114,5
2019,2,2,935.1682872108687,358.01748929682,5
2019,2,3,12194.191211864665,2565.823606241011,5
2019,2,87,15041.396884241656,4771.559843773321,5
2019,2,98,21.484349368679183,9.807910979668263,5
2019,2,100,24174.60465894498,6302.134339197317,5
2019,3,2,21616.941429311224,15538.442689090138,5
2019,3,3,10963.709263248518,7084.446800896678,5
2019,3,87,15687.423986593038,9603.204438755352,5
2019,3,98,7047.596713822427,5456.971946736387,5
2019,3,100,2917.8175360562086,2869.2177977043975,5
2019,4,2,44.759805430045105,12.67558313603318,5
2019,4,3,297.1490715587884,92.71315870945777,5
2019,4,87,666.3275405490249,162.4961632580593,5
2019,4,98,1672989.5158689555,176905.54579297407,5
2019,4,100,436798.8658304209,257345.84932917837,5
2019,5,2,81.36732421202727,22.399381297144483,5
2019,5,3,507.47479458691384,136.06106821511793,5
2019,5,87,824.7375328531183,207.45774260308747,5
2019,5,98,320055.99678543676,200842.9619131785,5
2019,5,100,71685.92508978579,58422.04704871315,5
2019,6,2,2319907.739797341,1223248.4641844092,5
2019,6,3,700610.9912986974,513268.2705464591,5
2019,6,87,627935.4023906736,449584.5107478907,5
2019,6,98,2320438.1994090974,1222946.4817084128,5
2019,6,100,350.0041361624897,119.17480405608381,5
2019,7,2,524.6817379276997,339.66383341594377,5
2019,7,3,4580.545369794481,2779.0227159195997,5
2019,7,87,12721.690414174138,6108.771151249656,5
2019,7,98,1038803.8124720076,910190.1037724614,5
2019,7,100,909641.0116767631,784504.8273337958,5
2019,8,2,1301.7545731249816,361.3173567842978,5
2019,8,3,4973.0663904103985,1341.2356287848022,5
2019,8,87,14447.467231871593,2688.700492800341,5
2019,8,98,1553058.5195344086,770294.7744505903,5
2019,8,100,551516.821309001,443764.3784054985,5
2019,9,2,420.20988726079884,320.8903098494766,5
2019,9,3,128.14059587703898,42.816453319015025,5
2019,9,87,3414.7746613349204,1924.9025743264617,5
2019,9,98,NA,NA,5
2019,9,100,270.961544648199,NA,5
2019,10,2,6295.4004150434475,3546.4722843789114,5
2019,10,3,359.23092856982225,79.71921845562728,5
2019,10,87,8545.842077438747,2543.070210756633,5
2019,10,98,1179262.7995680012,741784.2325044252,5
2019,10,100,82380.22441124622,60941.04277469131,5
2019,11,2,64.96664459752317,35.87279218679052,5
2019,11,3,623.8985118253929,266.25100347296524,5
2019,11,87,1758.1682050810948,1196.7321955843688,5
2019,11,98,3593899.595206043,3593806.800164287,5
2019,11,100,423341.99328803946,422952.68255341286,5
2020,1,2,804.9848450667513,299.27610989719625,5
2020,1,3,3657.78001727686,774.3633336171345,5
2020,1,87,7778.173202597826,847.2166355592587,5
2020,1,98,1620867.3978472599,643638.8247276645,5
2020,1,100,444056.7817081768,222112.8196381753,5
2020,2,2,1035.9039211611757,396.7011548509001,5
2020,2,3,13194.385443213683,2728.384693775122,5
2020,2,87,16321.864570997863,5307.627950523446,5
2020,2,98,26.657356522205887,9.62185808629905,5
2020,2,100,28535.475672824978,5253.532301171753,5
2020,3,2,4422.298538682613,2716.2306308033008,5
2020,3,3,13132.960187032908,7787.488846810268,5
2020,3,87,18956.55411763618,10426.52538345262,5
2020,3,98,2.6763619005432715,1.5287341275210238,5
2020,3,100,48.75371286950429,34.32295917631025,5
2020,4,2,53.04348839336834,11.078568162696667,5
2020,4,3,321.56152423621654,103.27801929521716,5
2020,4,87,773.9642653320329,140.56713011500648,5
2020,4,98,1672989.5158689555,176905.54579297407,5
2020,4,100,545278.8916169454,269466.0650800917,5
2020,5,2,95.43288937452783,20.129320543403566,5
2020,5,3,557.26669922084875,146.21162980084316,5
2020,5,87,944.873747041407,195.2980798897744,5
2020,5,98,400069.85383668053,212714.76372470122,5
2020,5,100,88122.22066341512,64735.19155429393,5
2020,6,2,3480657.1832901137,1172973.3524579718,5
2020,6,3,875738.9157261616,557105.0501003459,5
2020,6,87,784268.3283503833,486739.14788833406,5
2020,6,98,3480657.1832901137,1172973.3524579718,5
2020,6,100,336.14167381230357,136.67706981248728,5
2020,7,2,633.8592683800729,371.396978223455,5
2020,7,3,5233.942344838044,3118.9826650370196,5
2020,7,87,14283.314215270015,6819.424812713646,5
2020,7,98,1214970.9311335557,1031123.1231415009,5
2020,7,100,1130821.7344466764,869119.7938029086,5
2020,8,2,1416.1732950880466,395.7416470003805,5
2020,8,3,5492.472912814246,1427.8794890354504,5
2020,8,87,15611.151817314521,2798.7970095709134,5
2020,8,98,1941319.6165525005,768207.749755402,5
2020,8,100,681632.1176498631,489893.639068384,5
2020,9,2,420.20988726079884,320.8903098494766,5
2020,9,3,155.5509150676113,37.98110190942043,5
2020,9,87,4247.57351549946,2003.894870546147,5
2020,9,98,NA,NA,5
2020,9,100,270.961544648199,NA,5
2020,10,2,8340.222191826526,3721.3765164565243,5
2020,10,3,380.29682890360624,88.77973968800993,5
2020,10,87,9881.78161557609,2498.658746148733,5
2020,10,98,1179262.7995680012,741784.2325044252,5
2020,10,100,82380.22441124622,60941.04277469131,5
2020,11,2,72.60923016946036,40.47135785634538,5
2020,11,3,757.8865671816056,265.67347847115246,5
2020,11,87,2168.4115983083193,1298.1362569784915,5
2020,11,98,4492374.479048717,4017991.2394148675,5
2020,11,100,529139.0741047591,472857.9058868721,5
