id,p1,p2,p3,p4,p5,p6,p7,p8,p9,p10,year,prior_cost,cost,icost,prior_reduction,reduction,ireduction,z,diversification,emissions,status,base_emissions,base_vmt,base_ef,units,total_cost,n_years,max_annual_policies,min_annual_policies,min_total_policies,max_total_policies,max_annual_policy_scale,max_total_cost,max_annual_cost,min_annual_cost,min_total_cost,min_emissions_chg,min_annual_emissions_chg,effect_emissions,effect_vmt,effect_ef,geoid,max_abs_diff
1,0,0,100,0,0,0,0,0,100,0,2025,0,6000000,0.00777000777000777,0,7195.769976652121,0.9638227904769243,0.48579639912346606,0.2888888888888889,354831.2300233479,success,362027,787066250.4,4.5997017381448123e-4,30000,10,1,10,0,1,10,100,30000000,30000000,0,0,0,0,7195.769976652121,24785090.0888443,-2.0443646775447633e-6,36109,1
1,0,0,100,0,0,0,0,0,100,0,2026,6000000,12000000,0.01554001554001554,7195.769976652121,14391.539953304242,0.9276455809538487,0.4715927982469321,0.2888888888888889,343638.2200466958,success,358029.76,792534838.66,4.517527085690626e-4,30000,10,2,10,0,1,20,100,60000000,30000000,0,0,0,0,7195.769976652121,24620643.138885498,-2.0786705690056806e-6,36109,1
1,0,0,100,0,0,0,0,0,100,0,2027,12000000,18000000,0.023310023310023312,14391.539953304242,21587.309929956362,0.8914683714307732,0.4573891973703982,0.2888888888888889,332445.2100700437,success,354032.52,798003426.92,4.4364786924090726e-4,30000,10,3,10,0,1,30,100,90000000,30000000,0,0,0,0,7195.769976652121,24455442.309379578,-2.114308728096148e-6,36109,1
1,0,0,100,0,0,0,0,0,100,0,2028,18000000,24000000,0.03108003108003108,21587.309929956362,28783.079906608484,0.8552911619076975,0.4431855964938643,0.2888888888888889,321252.20009339147,success,350035.27999999997,803472015.1800001,4.356533561677096e-4,30000,10,4,10,0,1,40,100,120000000,30000000,0,0,0,0,7195.769976652121,24289494.037628174,-2.1509460879087783e-6,36109,1
1,0,0,100,0,0,0,0,0,100,0,2029,24000000,30000000,0.03885003885003885,28783.079906608484,35978.849883260606,0.8191139523846218,0.42898199561733036,0.2888888888888889,310059.19011673937,success,346038.04,808940603.44,4.2776693187173657e-4,30000,10,5,10,0,1,50,100,150000000,30000000,0,0,0,0,7195.769976652121,24122810.84060669,-2.188582648443571e-6,36109,1
1,0,0,100,0,0,0,0,0,100,0,2030,30000000,36000000,0.046620046620046623,35978.849883260606,43174.619859912724,0.7829367428615462,0.41477839474079636,0.2888888888888889,298866.18014008726,success,342040.8,814409191.7,4.199864189720441e-4,30000,10,6,10,0,1,60,100,180000000,30000000,0,0,0,0,7195.769976652121,23955332.279205322,-2.2272184097005265e-6,36109,1
1,0,0,100,0,0,0,0,0,100,0,2031,36000000,42000000,0.05439005439005439,43174.619859912724,50370.38983656484,0.7467595333384707,0.4005747938642625,0.2888888888888889,289505.03016343515,success,339875.42,818788307.48,4.15095595400038e-4,30000,10,7,10,0,1,70,100,210000000,30000000,0,0,0,0,7195.769976652121,23864279.15096283,-2.248867758680717e-6,36109,1
1,0,0,100,0,0,0,0,0,100,0,2032,42000000,48000000,0.06216006216006216,50370.38983656484,57566.15981321696,0.710582323815395,0.3863711929877286,0.2888888888888889,280143.88018678303,success,337710.04,823167423.26,4.102568085876902e-4,30000,10,8,10,0,1,80,100,240000000,30000000,0,0,0,0,7195.769976652121,23772994.995117188,-2.2705171076609076e-6,36109,1
1,0,0,100,0,0,0,0,0,100,0,2033,48000000,54000000,0.06993006993006994,57566.15981321696,64761.92978986908,0.6744051142923193,0.37216759211119466,0.2888888888888889,270782.730210131,success,335544.66000000003,827546539.0400001,4.054692324485466e-4,30000,10,9,10,0,1,90,100,270000000,30000000,0,0,0,0,7195.769976652121,23681483.030319214,-2.2924995235484857e-6,36109,1
1,0,0,100,0,0,0,0,0,100,0,2034,54000000,60000000,0.0777000777000777,64761.92978986908,71957.6997665212,0.6382279047692438,0.35796399123466066,0.2888888888888889,261421.58023347883,success,333379.28,831925654.82,4.0073205828966986e-4,30000,10,10,10,0,1,100,100,300000000,30000000,0,0,0,0,7195.769976652121,23589719.653129578,-2.315148073250839e-6,36109,1
1,0,0,100,0,0,0,0,0,100,0,2035,60000000,66000000,0.08547008547008547,71957.6997665212,79153.46974317332,0.6020506952461682,0.34376039035812683,0.2888888888888889,252060.4302568267,success,331213.9,836304770.6,3.9604449435625403e-4,30000,10,11,10,0,1,110,100,330000000,30000000,0,0,0,0,7195.769976652121,23497736.33480072,-2.3381296898605797e-6,36109,1
1,0,0,100,0,0,0,0,0,100,0,2036,66000000,72000000,0.09324009324009325,79153.46974317332,86349.23971982545,0.5658734857230925,0.3295567894815929,0.2888888888888889,245223.66028017458,success,331572.9,842280334.14,3.9366097789585516e-4,30000,10,12,10,0,1,120,100,360000000,30000000,0,0,0,0,7195.769976652121,23512999.534606934,-2.334132886971929e-6,36109,1
1,0,0,100,0,0,0,0,0,100,0,2037,72000000,78000000,0.10101010101010101,86349.23971982545,93545.00969647757,0.5296962762000168,0.3153531886050589,0.2888888888888889,238386.89030352246,success,331931.9,848255897.68,3.913110429386246e-4,30000,10,13,10,0,1,130,100,390000000,30000000,0,0,0,0,7195.769976652121,23528273.820877075,-2.330469150990666e-6,36109,1
1,0,0,100,0,0,0,0,0,100,0,2038,78000000,84000000,0.10878010878010878,93545.00969647757,100740.7796731297,0.4935190666769411,0.30114958772852496,0.2888888888888889,231550.12032687032,success,332290.9,854231461.22,3.889939847514248e-4,30000,10,14,10,0,1,140,100,420000000,30000000,0,0,0,0,7195.769976652121,23543514.847755432,-2.326805415009403e-6,36109,1
1,0,0,100,0,0,0,0,0,100,0,2039,84000000,90000000,0.11655011655011654,100740.7796731297,107936.54964978182,0.45734185715386555,0.286945986851991,0.2888888888888889,224713.35035021818,success,332649.9,860207024.76,3.8670911818327713e-4,30000,10,15,10,0,1,150,100,450000000,30000000,0,0,0,0,7195.769976652121,23558767.676353455,-2.32314167902814e-6,36109,1
1,0,0,100,0,0,0,0,0,100,0,2040,90000000,96000000,0.12432012432012432,107936.54964978182,115132.31962643395,0.42116464763078987,0.2727423859754571,0.2888888888888889,217876.58037356607,success,333008.9,866182588.3,3.84455776989901e-4,30000,10,16,10,0,1,160,100,480000000,30000000,0,0,0,0,7195.769976652121,23574016.571044922,-2.318811809232102e-6,36109,1
1,0,0,100,0,0,0,0,0,100,0,2041,96000000,102000000,0.1320901320901321,115132.31962643395,122328.08960308607,0.3849874381077142,0.25853878509892314,0.2888888888888889,212240.41039691394,success,334568.5,872650475.28,3.8339347708789116e-4,30000,10,17,10,0,1,170,100,510000000,30000000,0,0,0,0,7195.769976652121,23640152.33516693,-2.3028245976774997e-6,36109,1
1,0,0,100,0,0,0,0,0,100,0,2042,102000000,108000000,0.13986013986013987,122328.08960308607,129523.8595797382,0.3488102285846385,0.2443351842223892,0.2888888888888889,206604.24042026183,success,336128.10000000003,879118362.26,3.823468083818614e-4,30000,10,18,10,0,1,180,100,540000000,30000000,0,0,0,0,7195.769976652121,23706162.929534912,-2.2868373861228974e-6,36109,1
1,0,0,100,0,0,0,0,0,100,0,2043,108000000,114000000,0.14763014763014762,129523.8595797382,136719.6295563903,0.31263301906156293,0.23013158334585526,0.2888888888888889,200968.0704436097,success,337687.7,885586249.24,3.813154283840786e-4,30000,10,19,10,0,1,190,100,570000000,30000000,0,0,0,0,7195.769976652121,23772055.14907837,-2.270850174568295e-6,36109,1
1,0,0,100,0,0,0,0,0,100,0,2044,114000000,120000000,0.1554001554001554,136719.6295563903,143915.39953304242,0.27645580953848736,0.21592798246932132,0.2888888888888889,195331.90046695762,success,339247.30000000005,892054136.22,3.8029900453971356e-4,30000,10,20,10,0,1,200,100,600000000,30000000,0,0,0,0,7195.769976652121,23837815.403938293,-2.2551960299210805e-6,36109,1
1,0,0,100,0,0,0,0,0,100,0,2045,120000000,126000000,0.16317016317016317,143915.39953304242,151111.16950969453,0.2402786000154118,0.20172438159278744,0.2888888888888889,189695.7304903055,success,340806.9,898522023.2,3.7929721386933724e-4,30000,10,21,10,0,1,210,100,630000000,30000000,0,0,0,0,7195.769976652121,23903473.019599915,-2.2395418852738658e-6,36109,1
1,0,0,100,0,0,0,0,0,100,0,2046,126000000,132000000,0.17094017094017094,151111.16950969453,158306.93948634664,0.20410139049233622,0.18752078071625355,0.2888888888888889,184882.9805136534,success,343189.92000000004,904928892.7,3.7924517911682327e-4,30000,10,22,10,0,1,220,100,660000000,30000000,0,0,0,0,7195.769976652121,24003557.682037354,-2.2162272017567375e-6,36109,1
1,0,0,100,0,0,0,0,0,100,0,2047,132000000,138000000,0.17871017871017872,158306.93948634664,165502.70946299876,0.16792418096926065,0.17331717983971964,0.2888888888888889,180070.23053700125,success,345572.94,911335762.2,3.791938759933808e-4,30000,10,23,10,0,1,230,100,690000000,30000000,0,0,0,0,7195.769976652121,24103345.87097168,-2.192912518239609e-6,36109,1
1,0,0,100,0,0,0,0,0,100,0,2048,138000000,144000000,0.1864801864801865,165502.70946299876,172698.47943965087,0.13174697144618508,0.15911357896318573,0.2888888888888889,175257.48056034915,success,347955.96,917742631.7,3.791432891762437e-4,30000,10,24,10,0,1,240,100,720000000,30000000,0,0,0,0,7195.769976652121,24202896.237373352,-2.170263968537256e-6,36109,1
1,0,0,100,0,0,0,0,0,100,0,2049,144000000,150000000,0.19425019425019424,172698.47943965087,179894.24941630298,0.09556976192310951,0.14490997808665185,0.2888888888888889,170444.730583697,success,350338.98,924149501.2,3.790934037675591e-4,30000,10,25,10,0,1,250,100,750000000,30000000,0,0,0,0,7195.769976652121,24302141.547203064,-2.1479484857422904e-6,36109,1
1,0,0,100,0,0,0,0,0,100,0,2050,150000000,156000000,0.20202020202020202,179894.24941630298,187090.0193929551,0.05939255240003394,0.13070637721011794,0.2888888888888889,165631.9806070449,success,352722,930556370.7,3.790442052797608e-4,30000,10,26,10,0,1,260,100,780000000,30000000,0,0,0,0,7195.769976652121,24401129.364967346,-2.1262991367621e-6,36109,1
2,0,0,100,0,0,0,0,0,100,0,2025,0,6000000,0.00777000777000777,0,7195.769976652121,0.9638227904769243,0.48579639912346606,0.2888888888888889,354831.2300233479,success,362027,787066250.4,4.5997017381448123e-4,30000,10,1,10,0,1,10,100,30000000,30000000,0,0,0,0,7195.769976652121,24785090.0888443,-2.0443646775447633e-6,36109,0.5
2,0,0,100,0,0,0,0,0,100,0,2026,6000000,12000000,0.01554001554001554,7195.769976652121,14391.539953304242,0.9276455809538487,0.4715927982469321,0.2888888888888889,343638.2200466958,success,358029.76,792534838.66,4.517527085690626e-4,30000,10,2,10,0,1,20,100,60000000,30000000,0,0,0,0,7195.769976652121,24620643.138885498,-2.0786705690056806e-6,36109,0.5
2,0,0,100,0,0,0,0,0,100,0,2027,12000000,18000000,0.023310023310023312,14391.539953304242,21587.309929956362,0.8914683714307732,0.4573891973703982,0.2888888888888889,332445.2100700437,success,354032.52,798003426.92,4.4364786924090726e-4,30000,10,3,10,0,1,30,100,90000000,30000000,0,0,0,0,7195.769976652121,24455442.309379578,-2.114308728096148e-6,36109,0.5
2,0,0,100,0,0,0,0,0,100,0,2028,18000000,24000000,0.03108003108003108,21587.309929956362,28783.079906608484,0.8552911619076975,0.4431855964938643,0.2888888888888889,321252.20009339147,success,350035.27999999997,803472015.1800001,4.356533561677096e-4,30000,10,4,10,0,1,40,100,120000000,30000000,0,0,0,0,7195.769976652121,24289494.037628174,-2.1509460879087783e-6,36109,0.5
2,0,0,100,0,0,0,0,0,100,0,2029,24000000,30000000,0.03885003885003885,28783.079906608484,35978.849883260606,0.8191139523846218,0.42898199561733036,0.2888888888888889,310059.19011673937,success,346038.04,808940603.44,4.2776693187173657e-4,30000,10,5,10,0,1,50,100,150000000,30000000,0,0,0,0,7195.769976652121,24122810.84060669,-2.188582648443571e-6,36109,0.5
2,0,0,100,0,0,0,0,0,100,0,2030,30000000,36000000,0.046620046620046623,35978.849883260606,43174.619859912724,0.7829367428615462,0.41477839474079636,0.2888888888888889,298866.18014008726,success,342040.8,814409191.7,4.199864189720441e-4,30000,10,6,10,0,1,60,100,180000000,30000000,0,0,0,0,7195.769976652121,23955332.279205322,-2.2272184097005265e-6,36109,0.5
2,0,0,100,0,0,0,0,0,100,0,2031,36000000,42000000,0.05439005439005439,43174.619859912724,50370.38983656484,0.7467595333384707,0.4005747938642625,0.2888888888888889,289505.03016343515,success,339875.42,818788307.48,4.15095595400038e-4,30000,10,7,10,0,1,70,100,210000000,30000000,0,0,0,0,7195.769976652121,23864279.15096283,-2.248867758680717e-6,36109,0.5
2,0,0,100,0,0,0,0,0,100,0,2032,42000000,48000000,0.06216006216006216,50370.38983656484,57566.15981321696,0.710582323815395,0.3863711929877286,0.2888888888888889,280143.88018678303,success,337710.04,823167423.26,4.102568085876902e-4,30000,10,8,10,0,1,80,100,240000000,30000000,0,0,0,0,7195.769976652121,23772994.995117188,-2.2705171076609076e-6,36109,0.5
2,0,0,100,0,0,0,0,0,100,0,2033,48000000,54000000,0.06993006993006994,57566.15981321696,64761.92978986908,0.6744051142923193,0.37216759211119466,0.2888888888888889,270782.730210131,success,335544.66000000003,827546539.0400001,4.054692324485466e-4,30000,10,9,10,0,1,90,100,270000000,30000000,0,0,0,0,7195.769976652121,23681483.030319214,-2.2924995235484857e-6,36109,0.5
2,0,0,100,0,0,0,0,0,100,0,2034,54000000,60000000,0.0777000777000777,64761.92978986908,71957.6997665212,0.6382279047692438,0.35796399123466066,0.2888888888888889,261421.58023347883,success,333379.28,831925654.82,4.0073205828966986e-4,30000,10,10,10,0,1,100,100,300000000,30000000,0,0,0,0,7195.769976652121,23589719.653129578,-2.315148073250839e-6,36109,0.5
2,0,0,100,0,0,0,0,0,100,0,2035,60000000,66000000,0.08547008547008547,71957.6997665212,79153.46974317332,0.6020506952461682,0.34376039035812683,0.2888888888888889,252060.4302568267,success,331213.9,836304770.6,3.9604449435625403e-4,30000,10,11,10,0,1,110,100,330000000,30000000,0,0,0,0,7195.769976652121,23497736.33480072,-2.3381296898605797e-6,36109,0.5
2,0,0,100,0,0,0,0,0,100,0,2036,66000000,72000000,0.09324009324009325,79153.46974317332,86349.23971982545,0.5658734857230925,0.3295567894815929,0.2888888888888889,245223.66028017458,success,331572.9,842280334.14,3.9366097789585516e-4,30000,10,12,10,0,1,120,100,360000000,30000000,0,0,0,0,7195.769976652121,23512999.534606934,-2.334132886971929e-6,36109,0.5
2,0,0,100,0,0,0,0,0,100,0,2037,72000000,78000000,0.10101010101010101,86349.23971982545,93545.00969647757,0.5296962762000168,0.3153531886050589,0.2888888888888889,238386.89030352246,success,331931.9,848255897.68,3.913110429386246e-4,30000,10,13,10,0,1,130,100,390000000,30000000,0,0,0,0,7195.769976652121,23528273.820877075,-2.330469150990666e-6,36109,0.5
2,0,0,100,0,0,0,0,0,100,0,2038,78000000,84000000,0.10878010878010878,93545.00969647757,100740.7796731297,0.4935190666769411,0.30114958772852496,0.2888888888888889,231550.12032687032,success,332290.9,854231461.22,3.889939847514248e-4,30000,10,14,10,0,1,140,100,420000000,30000000,0,0,0,0,7195.769976652121,23543514.847755432,-2.326805415009403e-6,36109,0.5
2,0,0,100,0,0,0,0,0,100,0,2039,84000000,90000000,0.11655011655011654,100740.7796731297,107936.54964978182,0.45734185715386555,0.286945986851991,0.2888888888888889,224713.35035021818,success,332649.9,860207024.76,3.8670911818327713e-4,30000,10,15,10,0,1,150,100,450000000,30000000,0,0,0,0,7195.769976652121,23558767.676353455,-2.32314167902814e-6,36109,0.5
2,0,0,100,0,0,0,0,0,100,0,2040,90000000,96000000,0.12432012432012432,107936.54964978182,115132.31962643395,0.42116464763078987,0.2727423859754571,0.2888888888888889,217876.58037356607,success,333008.9,866182588.3,3.84455776989901e-4,30000,10,16,10,0,1,160,100,480000000,30000000,0,0,0,0,7195.769976652121,23574016.571044922,-2.318811809232102e-6,36109,0.5
2,0,0,100,0,0,0,0,0,100,0,2041,96000000,102000000,0.1320901320901321,115132.31962643395,122328.08960308607,0.3849874381077142,0.25853878509892314,0.2888888888888889,212240.41039691394,success,334568.5,872650475.28,3.8339347708789116e-4,30000,10,17,10,0,1,170,100,510000000,30000000,0,0,0,0,7195.769976652121,23640152.33516693,-2.3028245976774997e-6,36109,0.5
2,0,0,100,0,0,0,0,0,100,0,2042,102000000,108000000,0.13986013986013987,122328.08960308607,129523.8595797382,0.3488102285846385,0.2443351842223892,0.2888888888888889,206604.24042026183,success,336128.10000000003,879118362.26,3.823468083818614e-4,30000,10,18,10,0,1,180,100,540000000,30000000,0,0,0,0,7195.769976652121,23706162.929534912,-2.2868373861228974e-6,36109,0.5
2,0,0,100,0,0,0,0,0,100,0,2043,108000000,114000000,0.14763014763014762,129523.8595797382,136719.6295563903,0.31263301906156293,0.23013158334585526,0.2888888888888889,200968.0704436097,success,337687.7,885586249.24,3.813154283840786e-4,30000,10,19,10,0,1,190,100,570000000,30000000,0,0,0,0,7195.769976652121,23772055.14907837,-2.270850174568295e-6,36109,0.5
2,0,0,100,0,0,0,0,0,100,0,2044,114000000,120000000,0.1554001554001554,136719.6295563903,143915.39953304242,0.27645580953848736,0.21592798246932132,0.2888888888888889,195331.90046695762,success,339247.30000000005,892054136.22,3.8029900453971356e-4,30000,10,20,10,0,1,200,100,600000000,30000000,0,0,0,0,7195.769976652121,23837815.403938293,-2.2551960299210805e-6,36109,0.5
2,0,0,100,0,0,0,0,0,100,0,2045,120000000,126000000,0.16317016317016317,143915.39953304242,151111.16950969453,0.2402786000154118,0.20172438159278744,0.2888888888888889,189695.7304903055,success,340806.9,898522023.2,3.7929721386933724e-4,30000,10,21,10,0,1,210,100,630000000,30000000,0,0,0,0,7195.769976652121,23903473.019599915,-2.2395418852738658e-6,36109,0.5
2,0,0,100,0,0,0,0,0,100,0,2046,126000000,132000000,0.17094017094017094,151111.16950969453,158306.93948634664,0.20410139049233622,0.18752078071625355,0.2888888888888889,184882.9805136534,success,343189.92000000004,904928892.7,3.7924517911682327e-4,30000,10,22,10,0,1,220,100,660000000,30000000,0,0,0,0,7195.769976652121,24003557.682037354,-2.2162272017567375e-6,36109,0.5
2,0,0,100,0,0,0,0,0,100,0,2047,132000000,138000000,0.17871017871017872,158306.93948634664,165502.70946299876,0.16792418096926065,0.17331717983971964,0.2888888888888889,180070.23053700125,success,345572.94,911335762.2,3.791938759933808e-4,30000,10,23,10,0,1,230,100,690000000,30000000,0,0,0,0,7195.769976652121,24103345.87097168,-2.192912518239609e-6,36109,0.5
2,0,0,100,0,0,0,0,0,100,0,2048,138000000,144000000,0.1864801864801865,165502.70946299876,172698.47943965087,0.13174697144618508,0.15911357896318573,0.2888888888888889,175257.48056034915,success,347955.96,917742631.7,3.791432891762437e-4,30000,10,24,10,0,1,240,100,720000000,30000000,0,0,0,0,7195.769976652121,24202896.237373352,-2.170263968537256e-6,36109,0.5
2,0,0,100,0,0,0,0,0,100,0,2049,144000000,150000000,0.19425019425019424,172698.47943965087,179894.24941630298,0.09556976192310951,0.14490997808665185,0.2888888888888889,170444.730583697,success,350338.98,924149501.2,3.790934037675591e-4,30000,10,25,10,0,1,250,100,750000000,30000000,0,0,0,0,7195.769976652121,24302141.547203064,-2.1479484857422904e-6,36109,0.5
2,0,0,100,0,0,0,0,0,100,0,2050,150000000,156000000,0.20202020202020202,179894.24941630298,187090.0193929551,0.05939255240003394,0.13070637721011794,0.2888888888888889,165631.9806070449,success,352722,930556370.7,3.790442052797608e-4,30000,10,26,10,0,1,260,100,780000000,30000000,0,0,0,0,7195.769976652121,24401129.364967346,-2.1262991367621e-6,36109,0.5
3,0,0,100,0,0,0,0,0,75,10,2025,0,5550000,0.007187257187257187,0,7009.990479529934,0.9647568091871234,0.48597203318719023,0.25,355017.00952047005,success,362027,787066250.4,4.5997017381448123e-4,30000,10,1,10,0,1,10,100,30000000,30000000,0,0,0,0,7009.990479529934,23933342.09918976,-1.6604051467083991e-6,36109,0.25
3,0,0,100,0,0,0,0,0,75,10,2026,5550000,11100000,0.014374514374514374,7009.990479529934,14019.980959059869,0.9295136183742466,0.4719440663743805,0.25,344009.77904094016,success,358029.76,792534838.66,4.517527085690626e-4,30000,10,2,10,0,1,20,100,60000000,30000000,0,0,0,0,7009.990479529934,23774544.954299927,-1.6882661935113674e-6,36109,0.25
3,0,0,100,0,0,0,0,0,75,10,2027,11100000,16650000,0.02156177156177156,14019.980959059869,21029.971438589804,0.89427042756137,0.45791609956157076,0.25,333002.5485614102,success,354032.52,798003426.92,4.4364786924090726e-4,30000,10,3,10,0,1,30,100,90000000,30000000,0,0,0,0,7009.990479529934,23615022.093057632,-1.7171930544179759e-6,36109,0.25
3,0,0,100,0,0,0,0,0,75,10,2028,16650000,22200000,0.028749028749028748,21029.971438589804,28039.961918119738,0.8590272367484932,0.443888132748761,0.25,321995.3180818802,success,350035.27999999997,803472015.1800001,4.356533561677096e-4,30000,10,4,10,0,1,40,100,120000000,30000000,0,0,0,0,7009.990479529934,23454777.44936943,-1.7469692359384226e-6,36109,0.25
3,0,0,100,0,0,0,0,0,75,10,2029,22200000,27750000,0.035936285936285936,28039.961918119738,35049.95239764967,0.8237840459356166,0.4298601659359512,0.25,310988.0876023503,success,346038.04,808940603.44,4.2776693187173657e-4,30000,10,5,10,0,1,50,100,150000000,30000000,0,0,0,0,7009.990479529934,23293821.215629578,-1.77752812469123e-6,36109,0.25
3,0,0,100,0,0,0,0,0,75,10,2030,27750000,33300000,0.04312354312354312,35049.95239764967,42059.94287717961,0.78854085512274,0.4158321991231415,0.25,299980.8571228204,success,342040.8,814409191.7,4.199864189720441e-4,30000,10,6,10,0,1,60,100,180000000,30000000,0,0,0,0,7009.990479529934,23132099.03240204,-1.808903027367137e-6,36109,0.25
3,0,0,100,0,0,0,0,0,75,10,2031,33300000,38850000,0.05031080031080031,42059.94287717961,49069.933356709545,0.7532976643098632,0.4018042323103318,0.25,290805.48664329044,success,339875.42,818788307.48,4.15095595400038e-4,30000,10,7,10,0,1,70,100,210000000,30000000,0,0,0,0,7009.990479529934,23044175.32682419,-1.82647230673183e-6,36109,0.25
3,0,0,100,0,0,0,0,0,75,10,2032,38850000,44400000,0.057498057498057496,49069.933356709545,56079.92383623948,0.7180544734969865,0.387776265497522,0.25,281630.1161637605,success,337710.04,823167423.26,4.102568085876902e-4,30000,10,8,10,0,1,80,100,240000000,30000000,0,0,0,0,7009.990479529934,22956027.47797966,-1.8440748927872619e-6,36109,0.25
3,0,0,100,0,0,0,0,0,75,10,2033,44400000,49950000,0.06468531468531469,56079.92383623948,63089.91431576942,0.6828112826841098,0.3737482986847122,0.25,272454.7456842306,success,335544.66000000003,827546539.0400001,4.054692324485466e-4,30000,10,9,10,0,1,90,100,270000000,30000000,0,0,0,0,7009.990479529934,22867660.224437714,-1.8619272790232344e-6,36109,0.25
3,0,0,100,0,0,0,0,0,75,10,2034,49950000,55500000,0.07187257187257187,63089.91431576942,70099.90479529936,0.6475680918712332,0.3597203318719025,0.25,263279.3752047007,success,333379.28,831925654.82,4.0073205828966986e-4,30000,10,10,10,0,1,100,100,300000000,30000000,0,0,0,0,7009.990479529934,22779051.21445656,-1.880312572311027e-6,36109,0.25
3,0,0,100,0,0,0,0,0,75,10,2035,55500000,61050000,0.07905982905982906,70099.90479529936,77109.8952748293,0.6123249010583565,0.3456923650590928,0.25,254104.00472517073,success,331213.9,836304770.6,3.9604449435625403e-4,30000,10,11,10,0,1,110,100,330000000,30000000,0,0,0,0,7009.990479529934,22690227.895975113,-1.898980972470099e-6,36109,0.25
3,0,0,100,0,0,0,0,0,75,10,2036,61050000,66600000,0.08624708624708624,77109.8952748293,84119.88575435923,0.5770817102454797,0.33166439824628297,0.25,247453.01424564078,success,331572.9,842280334.14,3.9366097789585516e-4,30000,10,12,10,0,1,120,100,360000000,30000000,0,0,0,0,7009.990479529934,22704967.707395554,-1.8957502234684398e-6,36109,0.25
3,0,0,100,0,0,0,0,0,75,10,2037,66600000,72150000,0.09343434343434344,84119.88575435923,91129.87623388917,0.5418385194326031,0.3176364314334732,0.25,240802.02376611085,success,331931.9,848255897.68,3.913110429386246e-4,30000,10,13,10,0,1,130,100,390000000,30000000,0,0,0,0,7009.990479529934,22719715.297222137,-1.8927692746473213e-6,36109,0.25
3,0,0,100,0,0,0,0,0,75,10,2038,72150000,77700000,0.10062160062160062,91129.87623388917,98139.8667134191,0.5065953286197264,0.3036084646206635,0.25,234151.03328658093,success,332290.9,854231461.22,3.889939847514248e-4,30000,10,14,10,0,1,140,100,420000000,30000000,0,0,0,0,7009.990479529934,22734433.56156349,-1.8897883258262027e-6,36109,0.25
3,0,0,100,0,0,0,0,0,75,10,2039,77700000,83250000,0.10780885780885781,98139.8667134191,105149.85719294904,0.4713521378068497,0.2895804978078538,0.25,227500.04280705098,success,332649.9,860207024.76,3.8670911818327713e-4,30000,10,15,10,0,1,150,100,450000000,30000000,0,0,0,0,7009.990479529934,22749162.018299103,-1.8868073770050842e-6,36109,0.25
3,0,0,100,0,0,0,0,0,75,10,2040,83250000,88800000,0.11499611499611499,105149.85719294904,112159.84767247898,0.43610894699397307,0.275552530995044,0.25,220849.05232752103,success,333008.9,866182588.3,3.84455776989901e-4,30000,10,16,10,0,1,160,100,480000000,30000000,0,0,0,0,7009.990479529934,22763886.898756027,-1.8832935211321455e-6,36109,0.25
3,0,0,100,0,0,0,0,0,75,10,2041,88800000,94350000,0.12218337218337218,112159.84767247898,119169.83815200892,0.4008657561810963,0.26152456418223424,0.25,215398.66184799108,success,334568.5,872650475.28,3.8339347708789116e-4,30000,10,17,10,0,1,170,100,510000000,30000000,0,0,0,0,7009.990479529934,22827749.66955185,-1.8703039117440312e-6,36109,0.25
3,0,0,100,0,0,0,0,0,75,10,2042,94350000,99900000,0.12937062937062938,119169.83815200892,126179.82863153885,0.3656225653682197,0.2474965973694245,0.25,209948.2713684612,success,336128.10000000003,879118362.26,3.823468083818614e-4,30000,10,18,10,0,1,180,100,540000000,30000000,0,0,0,0,7009.990479529934,22891491.919755936,-1.8573143023559169e-6,36109,0.25
3,0,0,100,0,0,0,0,0,75,10,2043,99900000,105450000,0.13655788655788656,126179.82863153885,133189.8191110688,0.33037937455534294,0.2334686305566148,0.25,204497.88088893122,success,337687.7,885586249.24,3.813154283840786e-4,30000,10,19,10,0,1,190,100,570000000,30000000,0,0,0,0,7009.990479529934,22955120.17607689,-1.8443246929678025e-6,36109,0.25
3,0,0,100,0,0,0,0,0,75,10,2044,105450000,111000000,0.14374514374514374,133189.8191110688,140199.8095905987,0.2951361837424663,0.21944066374380503,0.25,199047.49040940133,success,339247.30000000005,892054136.22,3.8029900453971356e-4,30000,10,20,10,0,1,200,100,600000000,30000000,0,0,0,0,7009.990479529934,23018622.010946274,-1.8316181904509676e-6,36109,0.25
3,0,0,100,0,0,0,0,0,75,10,2045,111000000,116550000,0.15093240093240093,140199.8095905987,147209.80007012864,0.2598929929295898,0.2054126969309953,0.25,193597.0999298714,success,340806.9,898522023.2,3.7929721386933724e-4,30000,10,21,10,0,1,210,100,630000000,30000000,0,0,0,0,7009.990479529934,23082022.547721863,-1.8189116879341327e-6,36109,0.25
3,0,0,100,0,0,0,0,0,75,10,2046,116550000,122100000,0.1581196581196581,147209.80007012864,154219.79054965856,0.22464980211671315,0.1913847301181856,0.25,188970.12945034148,success,343189.92000000004,904928892.7,3.7924517911682327e-4,30000,10,22,10,0,1,220,100,660000000,30000000,0,0,0,0,7009.990479529934,23178666.7406559,-1.7999601809037813e-6,36109,0.25
3,0,0,100,0,0,0,0,0,75,10,2047,122100000,127650000,0.1653069153069153,154219.79054965856,161229.78102918848,0.18940661130383651,0.1773567633053759,0.25,184343.15897081152,success,345572.94,911335762.2,3.791938759933808e-4,30000,10,23,10,0,1,230,100,690000000,30000000,0,0,0,0,7009.990479529934,23275027.15587616,-1.7810419805641686e-6,36109,0.25
3,0,0,100,0,0,0,0,0,75,10,2048,127650000,133200000,0.17249417249417248,161229.78102918848,168239.7715087184,0.15416342049095988,0.16332879649256618,0.25,179716.18849128162,success,347955.96,917742631.7,3.791432891762437e-4,30000,10,24,10,0,1,240,100,720000000,30000000,0,0,0,0,7009.990479529934,23371155.112981796,-1.762656687276376e-6,36109,0.25
3,0,0,100,0,0,0,0,0,75,10,2049,133200000,138750000,0.1796814296814297,168239.7715087184,175249.76198824833,0.11892022967808324,0.14930082967975644,0.25,175089.21801175165,success,350338.98,924149501.2,3.790934037675591e-4,30000,10,25,10,0,1,250,100,750000000,30000000,0,0,0,0,7009.990479529934,23466989.368200302,-1.744521194169124e-6,36109,0.25
3,0,0,100,0,0,0,0,0,75,10,2050,138750000,144300000,0.18686868686868688,175249.76198824833,182259.75246777825,0.08367703886520661,0.13527286286694673,0.25,170462.24753222175,success,352722,930556370.7,3.790442052797608e-4,30000,10,26,10,0,1,260,100,780000000,30000000,0,0,0,0,7009.990479529934,23562575.966119766,-1.7269186081136922e-6,36109,0.25
4,10,10,100,10,10,10,10,10,10,10,2025,0,5700000,0.007381507381507382,0,6418.138304300866,0.9677323851462526,0.48755694626387996,0.1,355608.86169569916,success,362027,787066250.4,4.5997017381448123e-4,30000,10,1,10,0,1,10,100,30000000,30000000,0,0,0,0,6418.138304300866,21864195.370674133,-3.4992009290135684e-7,36109,0.1
4,10,10,100,10,10,10,10,10,10,10,2026,5700000,11400000,0.014763014763014764,6418.138304300866,12836.276608601733,0.9354647702925052,0.47511389252775993,0.1,345193.4833913983,success,358029.76,792534838.66,4.517527085690626e-4,30000,10,2,10,0,1,20,100,60000000,30000000,0,0,0,0,6418.138304300866,21719123.196601868,-3.5578207047137766e-7,36109,0.1
4,10,10,100,10,10,10,10,10,10,10,2027,11400000,17100000,0.022144522144522144,12836.276608601733,19254.414912902597,0.9031971554387577,0.46267083879163995,0.1,334778.10508709744,success,354032.52,798003426.92,4.4364786924090726e-4,30000,10,3,10,0,1,30,100,90000000,30000000,0,0,0,0,6418.138304300866,21573393.23759079,-3.61843888185831e-7,36109,0.1
4,10,10,100,10,10,10,10,10,10,10,2028,17100000,22800000,0.029526029526029528,19254.414912902597,25672.553217203465,0.8709295405850103,0.45022778505551986,0.1,324362.7267827965,success,350035.27999999997,803472015.1800001,4.356533561677096e-4,30000,10,4,10,0,1,40,100,120000000,30000000,0,0,0,0,6418.138304300866,21427002.489566803,-3.681721594261944e-7,36109,0.1
4,10,10,100,10,10,10,10,10,10,10,2029,22800000,28500000,0.036907536907536904,25672.553217203465,32090.691521504334,0.8386619257312629,0.4377847313193999,0.1,313947.34847849567,success,346038.04,808940603.44,4.2776693187173657e-4,30000,10,5,10,0,1,50,100,150000000,30000000,0,0,0,0,6418.138304300866,21279961.75289154,-3.7460035073877407e-7,36109,0.1
4,10,10,100,10,10,10,10,10,10,10,2030,28500000,34200000,0.04428904428904429,32090.691521504334,38508.8298258052,0.8063943108775153,0.42534167758327984,0.1,303531.9701741948,success,342040.8,814409191.7,4.199864189720441e-4,30000,10,6,10,0,1,60,100,180000000,30000000,0,0,0,0,6418.138304300866,21132222.604751587,-3.811950755050475e-7,36109,0.1
4,10,10,100,10,10,10,10,10,10,10,2031,34200000,39900000,0.05167055167055167,38508.8298258052,44926.96813010607,0.7741266960237679,0.41289862384715975,0.1,294948.45186989394,success,339875.42,818788307.48,4.15095595400038e-4,30000,10,7,10,0,1,70,100,210000000,30000000,0,0,0,0,6418.138304300866,21051901.78155899,-3.8489211817704927e-7,36109,0.1
4,10,10,100,10,10,10,10,10,10,10,2032,39900000,45600000,0.059052059052059055,44926.96813010607,51345.10643440694,0.7418590811700205,0.40045557011103977,0.1,286364.93356559303,success,337710.04,823167423.26,4.102568085876902e-4,30000,10,8,10,0,1,80,100,240000000,30000000,0,0,0,0,6418.138304300866,20971372.711658478,-3.886224675397898e-7,36109,0.1
4,10,10,100,10,10,10,10,10,10,10,2033,45600000,51300000,0.06643356643356643,51345.10643440694,57763.24473870781,0.709591466316273,0.38801251637491974,0.1,277781.41526129225,success,335544.66000000003,827546539.0400001,4.054692324485466e-4,30000,10,9,10,0,1,90,100,270000000,30000000,0,0,0,0,6418.138304300866,20890645.051002502,-3.923861235932691e-7,36109,0.1
4,10,10,100,10,10,10,10,10,10,10,2034,51300000,57000000,0.07381507381507381,57763.24473870781,64181.383043008675,0.6773238514625257,0.3755694626387997,0.1,269197.89695699135,success,333379.28,831925654.82,4.0073205828966986e-4,30000,10,10,10,0,1,100,100,300000000,30000000,0,0,0,0,6418.138304300866,20809696.805477142,-3.962496997189646e-7,36109,0.1
4,10,10,100,10,10,10,10,10,10,10,2035,57000000,62700000,0.0811965811965812,64181.383043008675,70599.52134730954,0.6450562366087782,0.3631264089026797,0.1,260614.3786526905,success,331213.9,836304770.6,3.9604449435625403e-4,30000,10,11,10,0,1,110,100,330000000,30000000,0,0,0,0,6418.138304300866,20728553.760051727,-4.001798892261377e-7,36109,0.1
4,10,10,100,10,10,10,10,10,10,10,2036,62700000,68400000,0.08857808857808858,70599.52134730954,77017.6596516104,0.6127886217550308,0.3506833551665597,0.1,254555.2403483896,success,331572.9,842280334.14,3.9366097789585516e-4,30000,10,12,10,0,1,120,100,360000000,30000000,0,0,0,0,6418.138304300866,20742020.95270157,-3.995137554113626e-7,36109,0.1
4,10,10,100,10,10,10,10,10,10,10,2037,68400000,74100000,0.09595959595959595,77017.6596516104,83435.79795591127,0.5805210069012834,0.33824030143043965,0.1,248496.10204408877,success,331931.9,848255897.68,3.913110429386246e-4,30000,10,13,10,0,1,130,100,390000000,30000000,0,0,0,0,6418.138304300866,20755488.46721649,-3.9888092828732624e-7,36109,0.1
4,10,10,100,10,10,10,10,10,10,10,2038,74100000,79800000,0.10334110334110334,83435.79795591127,89853.93626021214,0.5482533920475359,0.3257972476943196,0.1,242436.96373978787,success,332290.9,854231461.22,3.889939847514248e-4,30000,10,14,10,0,1,140,100,420000000,30000000,0,0,0,0,6418.138304300866,20768936.419487,-3.982481011632899e-7,36109,0.1
4,10,10,100,10,10,10,10,10,10,10,2039,79800000,85500000,0.11072261072261072,89853.93626021214,96272.07456451301,0.5159857771937885,0.3133541939581996,0.1,236377.82543548703,success,332649.9,860207024.76,3.8670911818327713e-4,30000,10,15,10,0,1,150,100,450000000,30000000,0,0,0,0,6418.138304300866,20782392.34685898,-3.9761527403925356e-7,36109,0.1
4,10,10,100,10,10,10,10,10,10,10,2040,85500000,91200000,0.11810411810411811,96272.07456451301,102690.21286881388,0.48371816234004106,0.30091114022207954,0.1,230318.68713118613,success,333008.9,866182588.3,3.84455776989901e-4,30000,10,16,10,0,1,160,100,480000000,30000000,0,0,0,0,6418.138304300866,20795842.9813385,-3.968492201522622e-7,36109,0.1
4,10,10,100,10,10,10,10,10,10,10,2041,91200000,96900000,0.12548562548562547,102690.21286881388,109108.35117311474,0.45145054748629365,0.28846808648595956,0.1,225460.14882688527,success,334568.5,872650475.28,3.8339347708789116e-4,30000,10,17,10,0,1,170,100,510000000,30000000,0,0,0,0,6418.138304300866,20854184.567928314,-3.941180715116843e-7,36109,0.1
4,10,10,100,10,10,10,10,10,10,10,2042,96900000,102600000,0.13286713286713286,109108.35117311474,115526.48947741561,0.41918293263254613,0.2760250327498395,0.1,220601.6105225844,success,336128.10000000003,879118362.26,3.823468083818614e-4,30000,10,18,10,0,1,180,100,540000000,30000000,0,0,0,0,6418.138304300866,20912414.68191147,-3.9138692287110644e-7,36109,0.1
4,10,10,100,10,10,10,10,10,10,10,2043,102600000,108300000,0.14024864024864026,115526.48947741561,121944.62778171648,0.38691531777879873,0.26358197901371944,0.1,215743.07221828355,success,337687.7,885586249.24,3.813154283840786e-4,30000,10,19,10,0,1,190,100,570000000,30000000,0,0,0,0,6418.138304300866,20970544.266700745,-3.8865577423052855e-7,36109,0.1
4,10,10,100,10,10,10,10,10,10,10,2044,108300000,114000000,0.14763014763014762,121944.62778171648,128362.76608601735,0.3546477029250513,0.25113892527759946,0.1,210884.53391398268,success,339247.30000000005,892054136.22,3.8029900453971356e-4,30000,10,20,10,0,1,200,100,600000000,30000000,0,0,0,0,6418.138304300866,21028557.336330414,-3.859912389714282e-7,36109,0.1
4,10,10,100,10,10,10,10,10,10,10,2045,114000000,119700000,0.155011655011655,128362.76608601735,134780.9043903182,0.3223800880713039,0.23869587154147942,0.1,206025.99560968182,success,340806.9,898522023.2,3.7929721386933724e-4,30000,10,21,10,0,1,210,100,630000000,30000000,0,0,0,0,6418.138304300866,21086476.600170135,-3.8329339702158904e-7,36109,0.1
4,10,10,100,10,10,10,10,10,10,10,2046,119700000,125400000,0.1623931623931624,134780.9043903182,141199.04269461907,0.2901124732175565,0.22625281780535944,0.1,201990.87730538097,success,343189.92000000004,904928892.7,3.7924517911682327e-4,30000,10,22,10,0,1,220,100,660000000,30000000,0,0,0,0,6418.138304300866,21174763.15498352,-3.792965941329385e-7,36109,0.1
4,10,10,100,10,10,10,10,10,10,10,2047,125400000,131100000,0.16977466977466976,141199.04269461907,147617.18099891994,0.257844858363809,0.2138097640692394,0.1,197955.75900108006,success,345572.94,911335762.2,3.791938759933808e-4,30000,10,23,10,0,1,230,100,690000000,30000000,0,0,0,0,6418.138304300866,21262795.293331146,-3.7533309793502667e-7,36109,0.1
4,10,10,100,10,10,10,10,10,10,10,2048,131100000,136800000,0.17715617715617715,147617.18099891994,154035.3193032208,0.2255772435100616,0.20136671033311934,0.1,193920.6406967792,success,347955.96,917742631.7,3.791432891762437e-4,30000,10,24,10,0,1,240,100,720000000,30000000,0,0,0,0,6418.138304300866,21350613.31987381,-3.7146952180933113e-7,36109,0.1
4,10,10,100,10,10,10,10,10,10,10,2049,136800000,142500000,0.18453768453768454,154035.3193032208,160453.45760752168,0.19330962865631418,0.18892365659699933,0.1,189885.5223924783,success,350338.98,924149501.2,3.790934037675591e-4,30000,10,25,10,0,1,250,100,750000000,30000000,0,0,0,0,6418.138304300866,21438159.19160843,-3.6763925237437434e-7,36109,0.1
4,10,10,100,10,10,10,10,10,10,10,2050,142500000,148200000,0.1919191919191919,160453.45760752168,166871.59591182254,0.16104201380256677,0.17648060286087933,0.1,185850.40408817746,success,352722,930556370.7,3.790442052797608e-4,30000,10,26,10,0,1,260,100,780000000,30000000,0,0,0,0,6418.138304300866,21525483.8347435,-3.639089030116338e-7,36109,0.1
5,10,10,55,10,10,10,10,10,10,10,2025,0,4350000,0.005633255633255633,0,3625.1550832510816,0.9817742930324415,0.49370377433284857,0.05,358401.84491674893,success,362027,787066250.4,4.5997017381448123e-4,30000,10,1,10,0,1,10,100,30000000,30000000,0,0,0,0,3625.1550832510816,12244051.212072372,-3.4992009290135684e-7,36109,0.05
5,10,10,55,10,10,10,10,10,10,10,2026,4350000,8700000,0.011266511266511266,3625.1550832510816,7250.310166502163,0.9635485860648829,0.48740754866569713,0.05,350779.44983349787,success,358029.76,792534838.66,4.517527085690626e-4,30000,10,2,10,0,1,20,100,60000000,30000000,0,0,0,0,3625.1550832510816,12162810.516357422,-3.5578207047137766e-7,36109,0.05
5,10,10,55,10,10,10,10,10,10,10,2027,8700000,13050000,0.0168997668997669,7250.310166502163,10875.465249753244,0.9453228790973244,0.48111132299854564,0.05,343157.05475024675,success,354032.52,798003426.92,4.4364786924090726e-4,30000,10,3,10,0,1,30,100,90000000,30000000,0,0,0,0,3625.1550832510816,12081200.587749481,-3.61843888185831e-7,36109,0.05
5,10,10,55,10,10,10,10,10,10,10,2028,13050000,17400000,0.022533022533022532,10875.465249753244,14500.620333004326,0.9270971721297658,0.4748150973313942,0.05,335534.65966699563,success,350035.27999999997,803472015.1800001,4.356533561677096e-4,30000,10,4,10,0,1,40,100,120000000,30000000,0,0,0,0,3625.1550832510816,11999220.031499863,-3.681721594261944e-7,36109,0.05
5,10,10,55,10,10,10,10,10,10,10,2029,17400000,21750000,0.028166278166278168,14500.620333004326,18125.77541625541,0.9088714651622073,0.4685188716642428,0.05,327912.2645837446,success,346038.04,808940603.44,4.2776693187173657e-4,30000,10,5,10,0,1,50,100,150000000,30000000,0,0,0,0,3625.1550832510816,11916878.199577332,-3.7460035073877407e-7,36109,0.05
5,10,10,55,10,10,10,10,10,10,10,2030,21750000,26100000,0.0337995337995338,18125.77541625541,21750.93049950649,0.8906457581946488,0.4622226459970913,0.05,320289.8695004935,success,342040.8,814409191.7,4.199864189720441e-4,30000,10,6,10,0,1,60,100,180000000,30000000,0,0,0,0,3625.1550832510816,11834142.923355103,-3.811950755050475e-7,36109,0.05
5,10,10,55,10,10,10,10,10,10,10,2031,26100000,30450000,0.03943278943278943,21750.93049950649,25376.08558275757,0.8724200512270903,0.45592642032993985,0.05,314499.33441724244,success,339875.42,818788307.48,4.15095595400038e-4,30000,10,7,10,0,1,70,100,210000000,30000000,0,0,0,0,3625.1550832510816,11789163.047075272,-3.8489211817704927e-7,36109,0.05
5,10,10,55,10,10,10,10,10,10,10,2032,30450000,34800000,0.045066045066045064,25376.08558275757,29001.24066600865,0.8541943442595318,0.4496301946627884,0.05,308708.7993339913,success,337710.04,823167423.26,4.102568085876902e-4,30000,10,8,10,0,1,80,100,240000000,30000000,0,0,0,0,3625.1550832510816,11744066.494703293,-3.886224675397898e-7,36109,0.05
5,10,10,55,10,10,10,10,10,10,10,2033,34800000,39150000,0.050699300699300696,29001.24066600865,32626.39574925973,0.8359686372919732,0.443333968995637,0.05,302918.2642507403,success,335544.66000000003,827546539.0400001,4.054692324485466e-4,30000,10,9,10,0,1,90,100,270000000,30000000,0,0,0,0,3625.1550832510816,11698858.737945557,-3.923861235932691e-7,36109,0.05
5,10,10,55,10,10,10,10,10,10,10,2034,39150000,43500000,0.056332556332556336,32626.39574925973,36251.55083251081,0.8177429303244147,0.43703774332848555,0.05,297127.7291674892,success,333379.28,831925654.82,4.0073205828966986e-4,30000,10,10,10,0,1,100,100,300000000,30000000,0,0,0,0,3625.1550832510816,11653526.151180267,-3.962496997189646e-7,36109,0.05
5,10,10,55,10,10,10,10,10,10,10,2035,43500000,47850000,0.06196581196581197,36251.55083251081,39876.70591576189,0.7995172233568562,0.43074151766133406,0.05,291337.19408423814,success,331213.9,836304770.6,3.9604449435625403e-4,30000,10,11,10,0,1,110,100,330000000,30000000,0,0,0,0,3625.1550832510816,11608087.599277496,-4.001798892261377e-7,36109,0.05
5,10,10,55,10,10,10,10,10,10,10,2036,47850000,52200000,0.0675990675990676,39876.70591576189,43501.86099901298,0.7812915163892976,0.4244452919941826,0.05,288071.0390009871,success,331572.9,842280334.14,3.9366097789585516e-4,30000,10,12,10,0,1,120,100,360000000,30000000,0,0,0,0,3625.1550832510816,11615628.451108932,-3.995137554113626e-7,36109,0.05
5,10,10,55,10,10,10,10,10,10,10,2037,52200000,56550000,0.07323232323232323,43501.86099901298,47127.01608226406,0.7630658094217391,0.4181490663270312,0.05,284804.88391773595,success,331931.9,848255897.68,3.913110429386246e-4,30000,10,13,10,0,1,130,100,390000000,30000000,0,0,0,0,3625.1550832510816,11623170.590400696,-3.9888092828732624e-7,36109,0.05
5,10,10,55,10,10,10,10,10,10,10,2038,56550000,60900000,0.07886557886557886,47127.01608226406,50752.171165515145,0.7448401024541805,0.4118528406598797,0.05,281538.7288344849,success,332290.9,854231461.22,3.889939847514248e-4,30000,10,14,10,0,1,140,100,420000000,30000000,0,0,0,0,3625.1550832510816,11630701.053142548,-3.982481011632899e-7,36109,0.05
5,10,10,55,10,10,10,10,10,10,10,2039,60900000,65250000,0.0844988344988345,50752.171165515145,54377.32624876623,0.726614395486622,0.40555661499272827,0.05,278272.5737512338,success,332649.9,860207024.76,3.8670911818327713e-4,30000,10,15,10,0,1,150,100,450000000,30000000,0,0,0,0,3625.1550832510816,11638237.076997757,-3.9761527403925356e-7,36109,0.05
5,10,10,55,10,10,10,10,10,10,10,2040,65250000,69600000,0.09013209013209013,54377.32624876623,58002.48133201731,0.7083886885190634,0.3992603893255768,0.05,275006.4186679827,success,333008.9,866182588.3,3.84455776989901e-4,30000,10,16,10,0,1,160,100,480000000,30000000,0,0,0,0,3625.1550832510816,11645768.934488297,-3.968492201522622e-7,36109,0.05
5,10,10,55,10,10,10,10,10,10,10,2041,69600000,73950000,0.09576534576534576,58002.48133201731,61627.6364152684,0.6901629815515049,0.39296416365842535,0.05,272940.8635847316,success,334568.5,872650475.28,3.8339347708789116e-4,30000,10,17,10,0,1,170,100,510000000,30000000,0,0,0,0,3625.1550832510816,11678440.815210342,-3.941180715116843e-7,36109,0.05
5,10,10,55,10,10,10,10,10,10,10,2042,73950000,78300000,0.10139860139860139,61627.6364152684,65252.79149851948,0.6719372745839464,0.3866679379912739,0.05,270875.30850148055,success,336128.10000000003,879118362.26,3.823468083818614e-4,30000,10,18,10,0,1,180,100,540000000,30000000,0,0,0,0,3625.1550832510816,11711049.181222916,-3.9138692287110644e-7,36109,0.05
5,10,10,55,10,10,10,10,10,10,10,2043,78300000,82650000,0.10703185703185703,65252.79149851948,68877.94658177056,0.6537115676163878,0.3803717123241224,0.05,268809.75341822946,success,337687.7,885586249.24,3.813154283840786e-4,30000,10,19,10,0,1,190,100,570000000,30000000,0,0,0,0,3625.1550832510816,11743602.401018143,-3.8865577423052855e-7,36109,0.05
5,10,10,55,10,10,10,10,10,10,10,2044,82650000,87000000,0.11266511266511267,68877.94658177056,72503.10166502165,0.6354858606488293,0.374075486656971,0.05,266744.1983349784,success,339247.30000000005,892054136.22,3.8029900453971356e-4,30000,10,20,10,0,1,200,100,600000000,30000000,0,0,0,0,3625.1550832510816,11776088.511943817,-3.859912389714282e-7,36109,0.05
5,10,10,55,10,10,10,10,10,10,10,2045,87000000,91350000,0.1182983682983683,72503.10166502165,76128.25674827273,0.6172601536812707,0.36777926098981956,0.05,264678.6432517273,success,340806.9,898522023.2,3.7929721386933724e-4,30000,10,21,10,0,1,210,100,630000000,30000000,0,0,0,0,3625.1550832510816,11808524.590730667,-3.8329339702158904e-7,36109,0.05
5,10,10,55,10,10,10,10,10,10,10,2046,91350000,95700000,0.12393162393162394,76128.25674827273,79753.41183152382,0.5990344467137122,0.36148303532266807,0.05,263436.5081684762,success,343189.92000000004,904928892.7,3.7924517911682327e-4,30000,10,22,10,0,1,220,100,660000000,30000000,0,0,0,0,3625.1550832510816,11857965.89255333,-3.792965941329385e-7,36109,0.05
5,10,10,55,10,10,10,10,10,10,10,2047,95700000,100050000,0.12956487956487955,79753.41183152382,83378.5669147749,0.5808087397461537,0.35518680965551663,0.05,262194.3730852251,success,345572.94,911335762.2,3.791938759933808e-4,30000,10,23,10,0,1,230,100,690000000,30000000,0,0,0,0,3625.1550832510816,11907263.338565826,-3.7533309793502667e-7,36109,0.05
5,10,10,55,10,10,10,10,10,10,10,2048,100050000,104400000,0.1351981351981352,83378.5669147749,87003.72199802598,0.5625830327785951,0.3488905839883652,0.05,260952.23800197404,success,347955.96,917742631.7,3.791432891762437e-4,30000,10,24,10,0,1,240,100,720000000,30000000,0,0,0,0,3625.1550832510816,11956444.036960602,-3.7146952180933113e-7,36109,0.05
5,10,10,55,10,10,10,10,10,10,10,2049,104400000,108750000,0.14083139083139082,87003.72199802598,90628.87708127707,0.5443573258110366,0.3425943583212137,0.05,259710.1029187229,success,350338.98,924149501.2,3.790934037675591e-4,30000,10,25,10,0,1,250,100,750000000,30000000,0,0,0,0,3625.1550832510816,12005469.417572021,-3.6763925237437434e-7,36109,0.05
5,10,10,55,10,10,10,10,10,10,10,2050,108750000,113100000,0.14646464646464646,90628.87708127707,94254.03216452815,0.526131618843478,0.3362981326540623,0.05,258467.96783547185,success,352722,930556370.7,3.790442052797608e-4,30000,10,26,10,0,1,260,100,780000000,30000000,0,0,0,0,3625.1550832510816,12054371.738433838,-3.639089030116338e-7,36109,0.05
6,10,10,19,10,10,10,10,10,10,10,2025,0,3270000,0.0042346542346542344,0,1390.7685064112522,0.9930078193413926,0.4986212367880234,0.01,360636.23149358877,success,362027,787066250.4,4.5997017381448123e-4,30000,10,1,10,0,1,10,100,30000000,30000000,0,0,0,0,1390.7685064112522,4547935.885190964,-3.4992009290135684e-7,36109,0.01
6,10,10,19,10,10,10,10,10,10,10,2026,3270000,6540000,0.008469308469308469,1390.7685064112522,2781.5370128225045,0.9860156386827852,0.4972424735760468,0.01,355248.2229871775,success,358029.76,792534838.66,4.517527085690626e-4,30000,10,2,10,0,1,20,100,60000000,30000000,0,0,0,0,1390.7685064112522,4517760.372161865,-3.5578207047137766e-7,36109,0.01
6,10,10,19,10,10,10,10,10,10,10,2027,6540000,9810000,0.012703962703962703,2781.5370128225045,4172.305519233757,0.9790234580241778,0.49586371036407023,0.01,349860.21448076627,success,354032.52,798003426.92,4.4364786924090726e-4,30000,10,3,10,0,1,30,100,90000000,30000000,0,0,0,0,1390.7685064112522,4487446.467876434,-3.61843888185831e-7,36109,0.01
6,10,10,19,10,10,10,10,10,10,10,2028,9810000,13080000,0.016938616938616938,4172.305519233757,5563.074025645009,0.9720312773655704,0.4944849471520936,0.01,344472.20597435493,success,350035.27999999997,803472015.1800001,4.356533561677096e-4,30000,10,4,10,0,1,40,100,120000000,30000000,0,0,0,0,1390.7685064112522,4456994.06504631,-3.681721594261944e-7,36109,0.01
6,10,10,19,10,10,10,10,10,10,10,2029,13080000,16350000,0.021173271173271172,5563.074025645009,6953.842532056261,0.965039096706963,0.49310618394011707,0.01,339084.1974679437,success,346038.04,808940603.44,4.2776693187173657e-4,30000,10,5,10,0,1,50,100,150000000,30000000,0,0,0,0,1390.7685064112522,4426411.356925964,-3.7460035073877407e-7,36109,0.01
6,10,10,19,10,10,10,10,10,10,10,2030,16350000,19620000,0.025407925407925407,6953.842532056261,8344.611038467514,0.9580469160483556,0.49172742072814046,0.01,333696.1889615325,success,342040.8,814409191.7,4.199864189720441e-4,30000,10,6,10,0,1,60,100,180000000,30000000,0,0,0,0,1390.7685064112522,4395679.178237915,-3.811950755050475e-7,36109,0.01
6,10,10,19,10,10,10,10,10,10,10,2031,19620000,22890000,0.02964257964257964,8344.611038467514,9735.379544878766,0.9510547353897482,0.49034865751616385,0.01,330140.0404551212,success,339875.42,818788307.48,4.15095595400038e-4,30000,10,7,10,0,1,70,100,210000000,30000000,0,0,0,0,1390.7685064112522,4378972.0594882965,-3.8489211817704927e-7,36109,0.01
6,10,10,19,10,10,10,10,10,10,10,2032,22890000,26160000,0.033877233877233875,9735.379544878766,11126.148051290018,0.9440625547311408,0.4889698943041873,0.01,326583.89194870996,success,337710.04,823167423.26,4.102568085876902e-4,30000,10,8,10,0,1,80,100,240000000,30000000,0,0,0,0,1390.7685064112522,4362221.521139145,-3.886224675397898e-7,36109,0.01
6,10,10,19,10,10,10,10,10,10,10,2033,26160000,29430000,0.03811188811188811,11126.148051290018,12516.91655770127,0.9370703740725334,0.4875911310922107,0.01,323027.7434422988,success,335544.66000000003,827546539.0400001,4.054692324485466e-4,30000,10,9,10,0,1,90,100,270000000,30000000,0,0,0,0,1390.7685064112522,4345429.6875,-3.923861235932691e-7,36109,0.01
6,10,10,19,10,10,10,10,10,10,10,2034,29430000,32700000,0.042346542346542344,12516.91655770127,13907.685064112522,0.930078193413926,0.48621236788023414,0.01,319471.5949358875,success,333379.28,831925654.82,4.0073205828966986e-4,30000,10,10,10,0,1,100,100,300000000,30000000,0,0,0,0,1390.7685064112522,4328589.627742767,-3.962496997189646e-7,36109,0.01
6,10,10,19,10,10,10,10,10,10,10,2035,32700000,35970000,0.04658119658119658,13907.685064112522,15298.453570523774,0.9230860127553185,0.48483360466825753,0.01,315915.44642947626,success,331213.9,836304770.6,3.9604449435625403e-4,30000,10,11,10,0,1,110,100,330000000,30000000,0,0,0,0,1390.7685064112522,4311714.670658112,-4.001798892261377e-7,36109,0.01
6,10,10,19,10,10,10,10,10,10,10,2036,35970000,39240000,0.05081585081585081,15298.453570523774,16689.222076935028,0.9160938320967111,0.4834548414562809,0.01,314883.67792306497,success,331572.9,842280334.14,3.9366097789585516e-4,30000,10,12,10,0,1,120,100,360000000,30000000,0,0,0,0,1390.7685064112522,4314514.449834824,-3.995137554113626e-7,36109,0.01
6,10,10,19,10,10,10,10,10,10,10,2037,39240000,42510000,0.05505050505050505,16689.222076935028,18079.99058334628,0.9091016514381037,0.4820760782443044,0.01,313851.90941665374,success,331931.9,848255897.68,3.913110429386246e-4,30000,10,13,10,0,1,130,100,390000000,30000000,0,0,0,0,1390.7685064112522,4317316.288948059,-3.9888092828732624e-7,36109,0.01
6,10,10,19,10,10,10,10,10,10,10,2038,42510000,45780000,0.05928515928515928,18079.99058334628,19470.759089757532,0.9021094707794963,0.48069731503232777,0.01,312820.1409102425,success,332290.9,854231461.22,3.889939847514248e-4,30000,10,14,10,0,1,140,100,420000000,30000000,0,0,0,0,1390.7685064112522,4320112.760066986,-3.982481011632899e-7,36109,0.01
6,10,10,19,10,10,10,10,10,10,10,2039,45780000,49050000,0.06351981351981352,19470.759089757532,20861.527596168784,0.8951172901208889,0.4793185518203512,0.01,311788.3724038312,success,332649.9,860207024.76,3.8670911818327713e-4,30000,10,15,10,0,1,150,100,450000000,30000000,0,0,0,0,1390.7685064112522,4322912.86110878,-3.9761527403925356e-7,36109,0.01
6,10,10,19,10,10,10,10,10,10,10,2040,49050000,52320000,0.06775446775446775,20861.527596168784,22252.296102580036,0.8881251094622815,0.4779397886083746,0.01,310756.60389742,success,333008.9,866182588.3,3.84455776989901e-4,30000,10,16,10,0,1,160,100,480000000,30000000,0,0,0,0,1390.7685064112522,4325709.697008133,-3.968492201522622e-7,36109,0.01
6,10,10,19,10,10,10,10,10,10,10,2041,52320000,55590000,0.071989121989122,22252.296102580036,23643.064608991288,0.8811329288036741,0.476561025396398,0.01,310925.43539100874,success,334568.5,872650475.28,3.8339347708789116e-4,30000,10,17,10,0,1,170,100,510000000,30000000,0,0,0,0,1390.7685064112522,4337845.813035965,-3.941180715116843e-7,36109,0.01
6,10,10,19,10,10,10,10,10,10,10,2042,55590000,58860000,0.07622377622377623,23643.064608991288,25033.83311540254,0.8741407481450667,0.47518226218442144,0.01,311094.2668845975,success,336128.10000000003,879118362.26,3.823468083818614e-4,30000,10,18,10,0,1,180,100,540000000,30000000,0,0,0,0,1390.7685064112522,4349956.780672073,-3.9138692287110644e-7,36109,0.01
6,10,10,19,10,10,10,10,10,10,10,2043,58860000,62130000,0.08045843045843046,25033.83311540254,26424.601621813792,0.8671485674864593,0.47380349897244484,0.01,311263.09837818623,success,337687.7,885586249.24,3.813154283840786e-4,30000,10,19,10,0,1,190,100,570000000,30000000,0,0,0,0,1390.7685064112522,4362048.908472061,-3.8865577423052855e-7,36109,0.01
6,10,10,19,10,10,10,10,10,10,10,2044,62130000,65400000,0.08469308469308469,26424.601621813792,27815.370128225044,0.8601563868278519,0.4724247357604683,0.01,311431.929871775,success,339247.30000000005,892054136.22,3.8029900453971356e-4,30000,10,20,10,0,1,200,100,600000000,30000000,0,0,0,0,1390.7685064112522,4374113.45243454,-3.859912389714282e-7,36109,0.01
6,10,10,19,10,10,10,10,10,10,10,2045,65400000,68670000,0.08892773892773893,27815.370128225044,29206.138634636296,0.8531642061692445,0.4710459725484917,0.01,311600.7613653637,success,340806.9,898522023.2,3.7929721386933724e-4,30000,10,21,10,0,1,210,100,630000000,30000000,0,0,0,0,1390.7685064112522,4386162.983179092,-3.8329339702158904e-7,36109,0.01
6,10,10,19,10,10,10,10,10,10,10,2046,68670000,71940000,0.09316239316239316,29206.138634636296,30596.907141047548,0.8461720255106371,0.4696672093365151,0.01,312593.0128589525,success,343189.92000000004,904928892.7,3.7924517911682327e-4,30000,10,22,10,0,1,220,100,660000000,30000000,0,0,0,0,1390.7685064112522,4404528.082609177,-3.792965941329385e-7,36109,0.01
6,10,10,19,10,10,10,10,10,10,10,2047,71940000,75210000,0.0973970473970474,30596.907141047548,31987.6756474588,0.8391798448520297,0.4682884461245385,0.01,313585.2643525412,success,345572.94,911335762.2,3.791938759933808e-4,30000,10,23,10,0,1,230,100,690000000,30000000,0,0,0,0,1390.7685064112522,4422837.774753571,-3.7533309793502667e-7,36109,0.01
6,10,10,19,10,10,10,10,10,10,10,2048,75210000,78480000,0.10163170163170163,31987.6756474588,33378.444153870056,0.8321876641934223,0.4669096829125619,0.01,314577.51584613,success,347955.96,917742631.7,3.791432891762437e-4,30000,10,24,10,0,1,240,100,720000000,30000000,0,0,0,0,1390.7685064112522,4441108.610630035,-3.7146952180933113e-7,36109,0.01
6,10,10,19,10,10,10,10,10,10,10,2049,78480000,81750000,0.10586635586635587,33378.444153870056,34769.21266028131,0.8251954835348149,0.46553091970058535,0.01,315569.76733971864,success,350338.98,924149501.2,3.790934037675591e-4,30000,10,25,10,0,1,250,100,750000000,30000000,0,0,0,0,1390.7685064112522,4459317.5983428955,-3.6763925237437434e-7,36109,0.01
6,10,10,19,10,10,10,10,10,10,10,2050,81750000,85020000,0.1101010101010101,34769.21266028131,36159.98116669256,0.8182033028762075,0.46415215648860875,0.01,316562.01883330743,success,352722,930556370.7,3.790442052797608e-4,30000,10,26,10,0,1,260,100,780000000,30000000,0,0,0,0,1390.7685064112522,4477482.061386108,-3.639089030116338e-7,36109,0.01
7,10,10,10,10,10,10,10,10,10,10,2025,0,3000000,0.003885003885003885,0,832.1718622012953,0.9958162009186303,0.4998506024018171,0,361194.8281377987,success,362027,787066250.4,4.5997017381448123e-4,30000,10,1,10,0,1,10,100,30000000,30000000,0,0,0,0,832.1718622012953,2623907.0534706116,-3.4992009290135684e-7,36109,0.001
7,10,10,10,10,10,10,10,10,10,10,2026,3000000,6000000,0.00777000777000777,832.1718622012953,1664.3437244025906,0.9916324018372608,0.4997012048036342,0,356365.4162755974,success,358029.76,792534838.66,4.517527085690626e-4,30000,10,2,10,0,1,20,100,60000000,30000000,0,0,0,0,832.1718622012953,2606497.836112976,-3.5578207047137766e-7,36109,0.001
7,10,10,10,10,10,10,10,10,10,10,2027,6000000,9000000,0.011655011655011656,1664.3437244025906,2496.515586603886,0.9874486027558911,0.4995518072054514,0,351536.0044133961,success,354032.52,798003426.92,4.4364786924090726e-4,30000,10,3,10,0,1,30,100,90000000,30000000,0,0,0,0,832.1718622012953,2589007.9379081726,-3.61843888185831e-7,36109,0.001
7,10,10,10,10,10,10,10,10,10,10,2028,9000000,12000000,0.01554001554001554,2496.515586603886,3328.6874488051812,0.9832648036745215,0.4994024096072685,0,346706.5925511948,success,350035.27999999997,803472015.1800001,4.356533561677096e-4,30000,10,4,10,0,1,40,100,120000000,30000000,0,0,0,0,832.1718622012953,2571437.5734329224,-3.681721594261944e-7,36109,0.001
7,10,10,10,10,10,10,10,10,10,10,2029,12000000,15000000,0.019425019425019424,3328.6874488051812,4160.859311006477,0.9790810045931518,0.4992530120090856,0,341877.1806889935,success,346038.04,808940603.44,4.2776693187173657e-4,30000,10,5,10,0,1,50,100,150000000,30000000,0,0,0,0,832.1718622012953,2553794.6462631226,-3.7460035073877407e-7,36109,0.001
7,10,10,10,10,10,10,10,10,10,10,2030,15000000,18000000,0.023310023310023312,4160.859311006477,4993.031173207772,0.9748972055117823,0.49910361441090273,0,337047.7688267922,success,342040.8,814409191.7,4.199864189720441e-4,30000,10,6,10,0,1,60,100,180000000,30000000,0,0,0,0,832.1718622012953,2536063.241958618,-3.811950755050475e-7,36109,0.001
7,10,10,10,10,10,10,10,10,10,10,2031,18000000,21000000,0.027195027195027196,4993.031173207772,5825.203035409067,0.9707134064304126,0.4989542168127199,0,334050.21696459095,success,339875.42,818788307.48,4.15095595400038e-4,30000,10,7,10,0,1,70,100,210000000,30000000,0,0,0,0,832.1718622012953,2526424.3125915527,-3.8489211817704927e-7,36109,0.001
7,10,10,10,10,10,10,10,10,10,10,2032,21000000,24000000,0.03108003108003108,5825.203035409067,6657.374897610362,0.966529607349043,0.498804819214537,0,331052.66510238964,success,337710.04,823167423.26,4.102568085876902e-4,30000,10,8,10,0,1,80,100,240000000,30000000,0,0,0,0,832.1718622012953,2516760.277748108,-3.886224675397898e-7,36109,0.001
7,10,10,10,10,10,10,10,10,10,10,2033,24000000,27000000,0.03496503496503497,6657.374897610362,7489.546759811657,0.9623458082676734,0.4986554216163542,0,328055.1132401884,success,335544.66000000003,827546539.0400001,4.054692324485466e-4,30000,10,9,10,0,1,90,100,270000000,30000000,0,0,0,0,832.1718622012953,2507072.424888611,-3.923861235932691e-7,36109,0.001
7,10,10,10,10,10,10,10,10,10,10,2034,27000000,30000000,0.03885003885003885,7489.546759811657,8321.718622012952,0.9581620091863038,0.4985060240181713,0,325057.5613779871,success,333379.28,831925654.82,4.0073205828966986e-4,30000,10,10,10,0,1,100,100,300000000,30000000,0,0,0,0,832.1718622012953,2497355.4968833923,-3.962496997189646e-7,36109,0.001
7,10,10,10,10,10,10,10,10,10,10,2035,30000000,33000000,0.042735042735042736,8321.718622012952,9153.890484214247,0.9539782101049341,0.49835662641998846,0,322060.0095157858,success,331213.9,836304770.6,3.9604449435625403e-4,30000,10,11,10,0,1,110,100,330000000,30000000,0,0,0,0,832.1718622012953,2487621.4385032654,-4.001798892261377e-7,36109,0.001
7,10,10,10,10,10,10,10,10,10,10,2036,33000000,36000000,0.046620046620046623,9153.890484214247,9986.062346415543,0.9497944110235645,0.4982072288218055,0,321586.8376535845,success,331572.9,842280334.14,3.9366097789585516e-4,30000,10,12,10,0,1,120,100,360000000,30000000,0,0,0,0,832.1718622012953,2489235.9495162964,-3.995137554113626e-7,36109,0.001
7,10,10,10,10,10,10,10,10,10,10,2037,36000000,39000000,0.050505050505050504,9986.062346415543,10818.23420861684,0.9456106119421949,0.4980578312236227,0,321113.6657913832,success,331931.9,848255897.68,3.913110429386246e-4,30000,10,13,10,0,1,130,100,390000000,30000000,0,0,0,0,832.1718622012953,2490852.7135849,-3.9888092828732624e-7,36109,0.001
7,10,10,10,10,10,10,10,10,10,10,2038,39000000,42000000,0.05439005439005439,10818.23420861684,11650.406070818135,0.9414268128608252,0.4979084336254398,0,320640.4939291819,success,332290.9,854231461.22,3.889939847514248e-4,30000,10,14,10,0,1,140,100,420000000,30000000,0,0,0,0,832.1718622012953,2492465.6867980957,-3.982481011632899e-7,36109,0.001
7,10,10,10,10,10,10,10,10,10,10,2039,42000000,45000000,0.05827505827505827,11650.406070818135,12482.577933019431,0.9372430137794556,0.4977590360272569,0,320167.3220669806,success,332649.9,860207024.76,3.8670911818327713e-4,30000,10,15,10,0,1,150,100,450000000,30000000,0,0,0,0,832.1718622012953,2494081.8071365356,-3.9761527403925356e-7,36109,0.001
7,10,10,10,10,10,10,10,10,10,10,2040,45000000,48000000,0.06216006216006216,12482.577933019431,13314.749795220727,0.933059214698086,0.4976096384290741,0,319694.1502047793,success,333008.9,866182588.3,3.84455776989901e-4,30000,10,16,10,0,1,160,100,480000000,30000000,0,0,0,0,832.1718622012953,2495694.887638092,-3.968492201522622e-7,36109,0.001
7,10,10,10,10,10,10,10,10,10,10,2041,48000000,51000000,0.06604506604506605,13314.749795220727,14146.921657422023,0.9288754156167164,0.4974602408308912,0,320421.57834257797,success,334568.5,872650475.28,3.8339347708789116e-4,30000,10,17,10,0,1,170,100,510000000,30000000,0,0,0,0,832.1718622012953,2502697.0624923706,-3.941180715116843e-7,36109,0.001
7,10,10,10,10,10,10,10,10,10,10,2042,51000000,54000000,0.06993006993006994,14146.921657422023,14979.093519623319,0.9246916165353467,0.49731084323270836,0,321149.0064803767,success,336128.10000000003,879118362.26,3.823468083818614e-4,30000,10,18,10,0,1,180,100,540000000,30000000,0,0,0,0,832.1718622012953,2509683.680534363,-3.9138692287110644e-7,36109,0.001
7,10,10,10,10,10,10,10,10,10,10,2043,54000000,57000000,0.07381507381507381,14979.093519623319,15811.265381824614,0.9205078174539771,0.4971614456345254,0,321876.4346181754,success,337687.7,885586249.24,3.813154283840786e-4,30000,10,19,10,0,1,190,100,570000000,30000000,0,0,0,0,832.1718622012953,2516660.535335541,-3.8865577423052855e-7,36109,0.001
7,10,10,10,10,10,10,10,10,10,10,2044,57000000,60000000,0.0777000777000777,15811.265381824614,16643.43724402591,0.9163240183726075,0.4970120480363426,0,322603.8627559741,success,339247.30000000005,892054136.22,3.8029900453971356e-4,30000,10,20,10,0,1,200,100,600000000,30000000,0,0,0,0,832.1718622012953,2523619.6875572205,-3.859912389714282e-7,36109,0.001
7,10,10,10,10,10,10,10,10,10,10,2045,60000000,63000000,0.08158508158508158,16643.43724402591,17475.609106227206,0.9121402192912378,0.4968626504381597,0,323331.2908937728,success,340806.9,898522023.2,3.7929721386933724e-4,30000,10,21,10,0,1,210,100,630000000,30000000,0,0,0,0,832.1718622012953,2530572.5812911987,-3.8329339702158904e-7,36109,0.001
7,10,10,10,10,10,10,10,10,10,10,2046,63000000,66000000,0.08547008547008547,17475.609106227206,18307.780968428502,0.9079564202098682,0.4967132528399768,0,324882.13903157157,success,343189.92000000004,904928892.7,3.7924517911682327e-4,30000,10,22,10,0,1,220,100,660000000,30000000,0,0,0,0,832.1718622012953,2541168.6301231384,-3.792965941329385e-7,36109,0.001
7,10,10,10,10,10,10,10,10,10,10,2047,66000000,69000000,0.08935508935508936,18307.780968428502,19139.952830629798,0.9037726211284985,0.49656385524179397,0,326432.98716937023,success,345572.94,911335762.2,3.791938759933808e-4,30000,10,23,10,0,1,230,100,690000000,30000000,0,0,0,0,832.1718622012953,2551731.3838005066,-3.7533309793502667e-7,36109,0.001
7,10,10,10,10,10,10,10,10,10,10,2048,69000000,72000000,0.09324009324009325,19139.952830629798,19972.124692831094,0.899588822047129,0.4964144576436111,0,327983.83530716895,success,347955.96,917742631.7,3.791432891762437e-4,30000,10,24,10,0,1,240,100,720000000,30000000,0,0,0,0,832.1718622012953,2562274.754047394,-3.7146952180933113e-7,36109,0.001
7,10,10,10,10,10,10,10,10,10,10,2049,72000000,75000000,0.09712509712509712,19972.124692831094,20804.29655503239,0.8954050229657593,0.49626506004542825,0,329534.6834449676,success,350338.98,924149501.2,3.790934037675591e-4,30000,10,25,10,0,1,250,100,750000000,30000000,0,0,0,0,832.1718622012953,2572779.643535614,-3.6763925237437434e-7,36109,0.001
7,10,10,10,10,10,10,10,10,10,10,2050,75000000,78000000,0.10101010101010101,20804.29655503239,21636.468417233686,0.8912212238843897,0.4961156624472453,0,331085.5315827663,success,352722,930556370.7,3.790442052797608e-4,30000,10,26,10,0,1,260,100,780000000,30000000,0,0,0,0,832.1718622012953,2583259.642124176,-3.639089030116338e-7,36109,0.001
