id,p1,p2,p3,p4,p5,p6,p7,p8,p9,p10,year,units,prior_cost,cost,icost,z,diversification,status,prior_reduction98,reduction98,ireduction98,geoid,base_vmt,base_emissions98,base_ef98,total_cost,n_years,max_annual_policies,min_annual_policies,min_total_policies,max_total_policies,max_annual_policy_scale,max_total_cost,max_annual_cost,min_annual_cost,min_total_cost,min_emissions_chg98,min_annual_emissions_chg98,emissions98,effect_emissions98,effect_ef98,effect_vmt,max_abs_diff
1,0,0,100,0,0,0,0,0,100,100,2025,30000,0,9920726.432999996,0.007466104085763954,0.6041896477547201,0.3777777777777778,success,0,7810.826496783968,0.960730553138941,36109,787066250.4,362027,4.5997017381448123e-4,11.023029369999996,1,10,0,1,10,100,33069088.10999999,33069088.10999999,10000,0,0,0,354216.173503216,7810.826496783968,-3.3154104461807776e-6,24785090.0888443,1
1,0,0,100,0,0,0,0,0,100,100,2026,30000,9920726.432999996,20168836.838288993,0.01517858960635812,0.5835024862268553,0.3777777777777778,success,7810.826496783968,15621.652993567935,0.9214611062778819,36109,792534838.66,358029.76,4.517527085690626e-4,11.386789339209997,2,10,0,1,20,100,68320736.03525998,34160368.01762999,10000,0,0,0,342408.1070064321,7810.826496783968,-3.3714437491783045e-6,24620643.138885498,1
1,0,0,100,0,0,0,0,0,100,100,2027,30000,20168836.838288993,30755134.886952527,0.02314558714913189,0.5629425807100802,0.3777777777777778,success,15621.652993567935,23432.479490351903,0.8821916594168229,36109,798003426.92,354032.52,4.4364786924090726e-4,11.762553387403925,3,10,0,1,30,100,105862980.48663533,35287660.162211776,10000,0,0,0,330600.0405096481,7810.826496783968,-3.429069528326778e-6,24455442.309379578,1
1,0,0,100,0,0,0,0,0,100,100,2028,30000,30755134.886952527,41690780.77122196,0.0313754956108172,0.5425141306527611,0.3777777777777778,success,23432.479490351903,31243.30598713587,0.8429222125557638,36109,803472015.1800001,350035.27999999997,4.356533561677096e-4,12.150717649188254,4,10,0,1,40,100,145808611.79025903,36452152.94756476,10000,0,0,0,318791.9740128641,7810.826496783968,-3.4883658461826172e-6,24289494.037628174,1
1,0,0,100,0,0,0,0,0,100,100,2029,30000,41690780.77122196,52987302.96967228,0.03987699105173812,0.5222214740850596,0.3777777777777778,success,31243.30598713587,39054.132483919835,0.8036527656947049,36109,808940603.44,346038.04,4.2776693187173657e-4,12.551691331611465,5,10,0,1,50,100,188275369.97417197,37655073.99483439,10000,0,0,0,306983.90751608013,7810.826496783968,-3.5493847444501014e-6,24122810.84060669,1
1,0,0,100,0,0,0,0,0,100,100,2030,30000,52987302.96967228,64656610.40067145,0.048659035842209424,0.5020690921921334,0.3777777777777778,success,39054.132483919835,46864.9589807038,0.7643833188336459,36109,814409191.7,342040.8,4.199864189720441e-4,12.965897145554644,6,10,0,1,60,100,233386148.61998358,38897691.43666393,10000,0,0,0,295175.8410192962,7810.826496783968,-3.6121886731743658e-6,23955332.279205322,1
1,0,0,100,0,0,0,0,0,100,100,2031,30000,64656610.40067145,76711004.9768936,0.057730888110766286,0.4820616140382499,0.3777777777777778,success,46864.9589807038,54675.78547748776,0.7251138719725869,36109,818788307.48,339875.42,4.15095595400038e-4,13.393771751357946,7,10,0,1,70,100,281269206.7785169,40181315.254073836,10000,0,0,0,285199.6345225122,7810.826496783968,-3.6469889608259365e-6,23864279.15096283,1
1,0,0,100,0,0,0,0,0,100,100,2032,30000,76711004.9768936,89163194.57413109,0.06710211150418553,0.4622038214467977,0.3777777777777778,success,54675.78547748776,62486.61197427173,0.6858444251115279,36109,823167423.26,337710.04,4.102568085876902e-4,13.835766219152756,8,10,0,1,80,100,332058389.25966614,41507298.65745827,10000,0,0,0,275223.42802572827,7810.826496783968,-3.6823460947132958e-6,23772994.995117188,1
1,0,0,100,0,0,0,0,0,100,100,2033,30000,89163194.57413109,102026306.4280774,0.0767825852695876,0.4425006540413368,0.3777777777777778,success,62486.61197427173,70297.43847105569,0.6465749782504688,36109,827546539.0400001,335544.66000000003,4.054692324485466e-4,14.292346504384795,9,10,0,1,90,100,385893355.6183895,42877039.51315439,10000,0,0,0,265247.2215289443,7810.826496783968,-3.7182808915181553e-6,23681483.030319214,1
1,0,0,100,0,0,0,0,0,100,100,2034,30000,102026306.4280774,115313900.97320394,0.08678251466924794,0.4229572144530051,0.3777777777777778,success,70297.43847105569,78108.26496783966,0.6073055313894098,36109,831925654.82,333379.28,4.0073205828966986e-4,14.763993939029493,10,10,0,1,100,100,442919818.1708848,44291981.81708848,10000,0,0,0,255271.0150321604,7810.826496783968,-3.754803759581371e-6,23589719.653129578,1
1,0,0,100,0,0,0,0,0,100,100,2035,30000,115313900.97320394,129039986.13831966,0.09711244173909707,0.4035787736997678,0.3777777777777778,success,78108.26496783966,85919.09146462362,0.5680360845283509,36109,836304770.6,331213.9,3.9604449435625403e-4,15.251205739017465,11,10,0,1,110,100,503289789.38757634,45753617.21705239,10000,0,0,0,245294.8085353764,7810.826496783968,-3.7919303114142267e-6,23497736.33480072,1
1,0,0,100,0,0,0,0,0,100,100,2036,30000,129039986.13831966,143219032.11388418,0.1077832564022512,0.384370776743183,0.3777777777777778,success,85919.09146462362,93729.91796140758,0.5287666376672918,36109,842280334.14,331572.9,3.9366097789585516e-4,15.75449552840504,12,10,0,1,120,100,567161839.0225815,47263486.585215114,10000,0,0,0,237842.98203859245,7810.826496783968,-3.7857217360937057e-6,23512999.534606934,1
1,0,0,100,0,0,0,0,0,100,100,2037,30000,143219032.11388418,157865986.60664234,0.11880620794928944,0.36533884822854024,0.3777777777777778,success,93729.91796140758,101540.74445819155,0.4894971908062328,36109,848255897.68,331931.9,3.913110429386246e-4,16.274393880842407,13,10,0,1,130,100,634701361.3528539,48823181.64252722,10000,0,0,0,230391.15554180846,7810.826496783968,-3.779559998307036e-6,23528273.820877075,1
1,0,0,100,0,0,0,0,0,100,100,2038,30000,157865986.60664234,172996290.59766153,0.13019291689737994,0.34648879841442354,0.3777777777777778,success,101540.74445819155,109351.57095497551,0.45022774394517384,36109,854231461.22,332290.9,3.889939847514248e-4,16.811448878910202,14,10,0,1,140,100,706080852.9142284,50434346.636730604,10000,0,0,0,222939.32904502453,7810.826496783968,-3.7733878521795106e-6,23543514.847755432,1
1,0,0,100,0,0,0,0,0,100,0,2039,30000,172996290.59766153,183416026.61281008,0.13803456379296494,0.32779886591029384,0.2888888888888889,success,109351.57095497551,116547.34093162764,0.41405053442209816,36109,860207024.76,332649.9,3.8670911818327713e-4,17.36622669191424,15,10,0,1,150,100,781480201.1361407,52098680.075742714,10000,0,0,0,216102.5590683724,7195.769976652121,-2.3228658579954597e-6,23558767.676353455,1
1,0,0,100,0,0,0,0,0,100,0,2040,30000,183416026.61281008,194179613.91645852,0.14613498503610423,0.3092383205799412,0.2888888888888889,success,116547.34093162764,123743.11090827976,0.3778733248990225,36109,866182588.3,333008.9,3.84455776989901e-4,17.939312172747407,16,10,0,1,160,100,861086984.2918755,53817936.51824222,10000,0,0,0,209265.78909172025,7195.769976652121,-2.3190824260943543e-6,23574016.571044922,1
1,0,0,100,0,0,0,0,0,100,0,2041,30000,194179613.91645852,205298399.60112736,0.15450272018026712,0.29081143220010036,0.2888888888888889,success,123743.11090827976,130938.88088493189,0.3416961153759469,36109,872650475.28,334568.5,3.8339347708789116e-4,18.53130947444807,17,10,0,1,170,100,945096783.1968515,55593928.4233442,10000,0,0,0,203629.6191150681,7195.769976652121,-2.3027829643140763e-6,23640152.33516693,1
1,0,0,100,0,0,0,0,0,100,0,2042,30000,205298399.60112736,216784105.21339026,0.16314659058418737,0.27252261145013823,0.2888888888888889,success,130938.88088493189,138134.650861584,0.3055189058528712,36109,879118362.26,336128.10000000003,3.823468083818614e-4,19.142842687104856,18,10,0,1,180,100,1033713505.1036623,57428528.06131457,10000,0,0,0,197993.44913841604,7195.769976652121,-2.2866760568396316e-6,23706162.929534912,1
1,0,0,100,0,0,0,0,0,100,0,2043,30000,216784105.21339026,228648839.11085784,0.172075708711437,0.25437641456184074,0.2888888888888889,success,138134.650861584,145330.4208382361,0.26934169632979565,36109,885586249.24,337687.7,3.813154283840786e-4,19.774556495779315,19,10,0,1,190,100,1127149720.2594209,59323669.48733795,10000,0,0,0,192357.2791617639,7195.769976652121,-2.2707408869893086e-6,23772055.14907837,1
1,0,0,100,0,0,0,0,0,100,0,2044,30000,228648839.11085784,240905109.22694185,0.18129948773688587,0.23637754812264294,0.2888888888888889,success,145330.4208382361,152526.19081488822,0.23316448680672008,36109,892054136.22,339247.30000000005,3.8029900453971356e-4,20.427116860140032,20,10,0,1,200,100,1225627011.608402,61281350.5804201,10000,0,0,0,186721.10918511183,7195.769976652121,-2.254998271444819e-6,23837815.403938293,1
1,0,0,100,0,0,0,0,0,100,0,2045,30000,240905109.22694185,253565836.25685665,0.19082765147017455,0.21853087403736507,0.2888888888888889,success,152526.19081488822,159721.96079154033,0.1969872772836445,36109,898522023.2,340806.9,3.7929721386933724e-4,21.101211716524645,21,10,0,1,210,100,1329376338.1410527,63303635.14957394,10000,0,0,0,181084.9392084597,7195.769976652121,-2.239443006035735e-6,23903473.019599915,1
1,0,0,100,0,0,0,0,0,100,0,2046,30000,253565836.25685665,266644367.27875862,0.20067024460666175,0.20084141465368643,0.2888888888888889,success,159721.96079154033,166917.73076819244,0.16081006776056894,36109,904928892.7,343189.92000000004,3.7924517911682327e-4,21.79755170316996,22,10,0,1,220,100,1438638412.4092174,65392655.109509885,10000,0,0,0,176272.1892318076,7195.769976652121,-2.2160138307691923e-6,24003557.682037354,1
1,0,0,100,0,0,0,0,0,100,0,2047,30000,266644367.27875862,280154489.8243834,0.21083764331665303,0.18331435805675983,0.2888888888888889,success,166917.73076819244,174113.50074484455,0.12463285823749337,36109,911335762.2,345572.94,3.791938759933808e-4,22.516870909374568,23,10,0,1,230,100,1553664092.7468452,67550612.72812371,10000,0,0,0,171459.43925515545,7195.769976652121,-2.1929749682847444e-6,24103345.87097168,1
1,0,0,100,0,0,0,0,0,100,0,2048,30000,280154489.8243834,294110446.41401374,0.22134056618407405,0.1659550635385481,0.2888888888888889,success,174113.50074484455,181309.27072149666,0.0884556487144178,36109,917742631.7,347955.96,3.791432891762437e-4,23.259927649383926,24,10,0,1,240,100,1674714790.7556427,69779782.94815178,10000,0,0,0,166646.68927850336,7195.769976652121,-2.170342031093675e-6,24202896.237373352,1
1,0,0,100,0,0,0,0,0,100,0,2049,30000,294110446.41401374,308526949.5711019,0.23219008550611994,0.14876906724764885,0.2888888888888889,success,181309.27072149666,188505.04069814878,0.05227843919134223,36109,924149501.2,350338.98,3.790934037675591e-4,24.027505261813594,25,10,0,1,250,100,1802062894.6360195,72082515.78544079,10000,0,0,0,161833.9393018512,7195.769976652121,-2.1480994066847003e-6,24302141.547203064,1
1,0,0,100,0,0,0,0,0,100,0,2050,30000,308526949.5711019,323419197.332374,0.24339763896579333,0.1317620880255633,0.2888888888888889,success,188505.04069814878,195700.8106748009,0.01610122966826666,36109,930556370.7,352722,3.790442052797608e-4,24.82041293545344,26,10,0,1,260,100,1935992208.9653683,74461238.80636032,10000,0,0,0,157021.1893251991,7195.769976652121,-2.1262262783761088e-6,24401129.364967346,1
2,0,0,100,0,0,0,0,0,100,100,2025,30000,0,9920726.432999996,0.007466104085763954,0.6041896477547201,0.3777777777777778,success,0,7810.826496783968,0.960730553138941,36109,787066250.4,362027,4.5997017381448123e-4,11.023029369999996,1,10,0,1,10,100,33069088.10999999,33069088.10999999,10000,0,0,0,354216.173503216,7810.826496783968,-3.3154104461807776e-6,24785090.0888443,0.5
2,0,0,100,0,0,0,0,0,100,100,2026,30000,9920726.432999996,20168836.838288993,0.01517858960635812,0.5835024862268553,0.3777777777777778,success,7810.826496783968,15621.652993567935,0.9214611062778819,36109,792534838.66,358029.76,4.517527085690626e-4,11.386789339209997,2,10,0,1,20,100,68320736.03525998,34160368.01762999,10000,0,0,0,342408.1070064321,7810.826496783968,-3.3714437491783045e-6,24620643.138885498,0.5
2,0,0,100,0,0,0,0,0,100,100,2027,30000,20168836.838288993,30755134.886952527,0.02314558714913189,0.5629425807100802,0.3777777777777778,success,15621.652993567935,23432.479490351903,0.8821916594168229,36109,798003426.92,354032.52,4.4364786924090726e-4,11.762553387403925,3,10,0,1,30,100,105862980.48663533,35287660.162211776,10000,0,0,0,330600.0405096481,7810.826496783968,-3.429069528326778e-6,24455442.309379578,0.5
2,0,0,100,0,0,0,0,0,100,100,2028,30000,30755134.886952527,41690780.77122196,0.0313754956108172,0.5425141306527611,0.3777777777777778,success,23432.479490351903,31243.30598713587,0.8429222125557638,36109,803472015.1800001,350035.27999999997,4.356533561677096e-4,12.150717649188254,4,10,0,1,40,100,145808611.79025903,36452152.94756476,10000,0,0,0,318791.9740128641,7810.826496783968,-3.4883658461826172e-6,24289494.037628174,0.5
2,0,0,100,0,0,0,0,0,100,100,2029,30000,41690780.77122196,52987302.96967228,0.03987699105173812,0.5222214740850596,0.3777777777777778,success,31243.30598713587,39054.132483919835,0.8036527656947049,36109,808940603.44,346038.04,4.2776693187173657e-4,12.551691331611465,5,10,0,1,50,100,188275369.97417197,37655073.99483439,10000,0,0,0,306983.90751608013,7810.826496783968,-3.5493847444501014e-6,24122810.84060669,0.5
2,0,0,100,0,0,0,0,0,100,100,2030,30000,52987302.96967228,64656610.40067145,0.048659035842209424,0.5020690921921334,0.3777777777777778,success,39054.132483919835,46864.9589807038,0.7643833188336459,36109,814409191.7,342040.8,4.199864189720441e-4,12.965897145554644,6,10,0,1,60,100,233386148.61998358,38897691.43666393,10000,0,0,0,295175.8410192962,7810.826496783968,-3.6121886731743658e-6,23955332.279205322,0.5
2,0,0,100,0,0,0,0,0,100,100,2031,30000,64656610.40067145,76711004.9768936,0.057730888110766286,0.4820616140382499,0.3777777777777778,success,46864.9589807038,54675.78547748776,0.7251138719725869,36109,818788307.48,339875.42,4.15095595400038e-4,13.393771751357946,7,10,0,1,70,100,281269206.7785169,40181315.254073836,10000,0,0,0,285199.6345225122,7810.826496783968,-3.6469889608259365e-6,23864279.15096283,0.5
2,0,0,100,0,0,0,0,0,100,100,2032,30000,76711004.9768936,89163194.57413109,0.06710211150418553,0.4622038214467977,0.3777777777777778,success,54675.78547748776,62486.61197427173,0.6858444251115279,36109,823167423.26,337710.04,4.102568085876902e-4,13.835766219152756,8,10,0,1,80,100,332058389.25966614,41507298.65745827,10000,0,0,0,275223.42802572827,7810.826496783968,-3.6823460947132958e-6,23772994.995117188,0.5
2,0,0,100,0,0,0,0,0,100,100,2033,30000,89163194.57413109,102026306.4280774,0.0767825852695876,0.4425006540413368,0.3777777777777778,success,62486.61197427173,70297.43847105569,0.6465749782504688,36109,827546539.0400001,335544.66000000003,4.054692324485466e-4,14.292346504384795,9,10,0,1,90,100,385893355.6183895,42877039.51315439,10000,0,0,0,265247.2215289443,7810.826496783968,-3.7182808915181553e-6,23681483.030319214,0.5
2,0,0,100,0,0,0,0,0,100,100,2034,30000,102026306.4280774,115313900.97320394,0.08678251466924794,0.4229572144530051,0.3777777777777778,success,70297.43847105569,78108.26496783966,0.6073055313894098,36109,831925654.82,333379.28,4.0073205828966986e-4,14.763993939029493,10,10,0,1,100,100,442919818.1708848,44291981.81708848,10000,0,0,0,255271.0150321604,7810.826496783968,-3.754803759581371e-6,23589719.653129578,0.5
2,0,0,100,0,0,0,0,0,100,100,2035,30000,115313900.97320394,129039986.13831966,0.09711244173909707,0.4035787736997678,0.3777777777777778,success,78108.26496783966,85919.09146462362,0.5680360845283509,36109,836304770.6,331213.9,3.9604449435625403e-4,15.251205739017465,11,10,0,1,110,100,503289789.38757634,45753617.21705239,10000,0,0,0,245294.8085353764,7810.826496783968,-3.7919303114142267e-6,23497736.33480072,0.5
2,0,0,100,0,0,0,0,0,100,100,2036,30000,129039986.13831966,143219032.11388418,0.1077832564022512,0.384370776743183,0.3777777777777778,success,85919.09146462362,93729.91796140758,0.5287666376672918,36109,842280334.14,331572.9,3.9366097789585516e-4,15.75449552840504,12,10,0,1,120,100,567161839.0225815,47263486.585215114,10000,0,0,0,237842.98203859245,7810.826496783968,-3.7857217360937057e-6,23512999.534606934,0.5
2,0,0,100,0,0,0,0,0,100,100,2037,30000,143219032.11388418,157865986.60664234,0.11880620794928944,0.36533884822854024,0.3777777777777778,success,93729.91796140758,101540.74445819155,0.4894971908062328,36109,848255897.68,331931.9,3.913110429386246e-4,16.274393880842407,13,10,0,1,130,100,634701361.3528539,48823181.64252722,10000,0,0,0,230391.15554180846,7810.826496783968,-3.779559998307036e-6,23528273.820877075,0.5
2,0,0,100,0,0,0,0,0,100,100,2038,30000,157865986.60664234,172996290.59766153,0.13019291689737994,0.34648879841442354,0.3777777777777778,success,101540.74445819155,109351.57095497551,0.45022774394517384,36109,854231461.22,332290.9,3.889939847514248e-4,16.811448878910202,14,10,0,1,140,100,706080852.9142284,50434346.636730604,10000,0,0,0,222939.32904502453,7810.826496783968,-3.7733878521795106e-6,23543514.847755432,0.5
2,0,0,100,0,0,0,0,0,100,0,2039,30000,172996290.59766153,183416026.61281008,0.13803456379296494,0.32779886591029384,0.2888888888888889,success,109351.57095497551,116547.34093162764,0.41405053442209816,36109,860207024.76,332649.9,3.8670911818327713e-4,17.36622669191424,15,10,0,1,150,100,781480201.1361407,52098680.075742714,10000,0,0,0,216102.5590683724,7195.769976652121,-2.3228658579954597e-6,23558767.676353455,0.5
2,0,0,100,0,0,0,0,0,100,0,2040,30000,183416026.61281008,194179613.91645852,0.14613498503610423,0.3092383205799412,0.2888888888888889,success,116547.34093162764,123743.11090827976,0.3778733248990225,36109,866182588.3,333008.9,3.84455776989901e-4,17.939312172747407,16,10,0,1,160,100,861086984.2918755,53817936.51824222,10000,0,0,0,209265.78909172025,7195.769976652121,-2.3190824260943543e-6,23574016.571044922,0.5
2,0,0,100,0,0,0,0,0,100,0,2041,30000,194179613.91645852,205298399.60112736,0.15450272018026712,0.29081143220010036,0.2888888888888889,success,123743.11090827976,130938.88088493189,0.3416961153759469,36109,872650475.28,334568.5,3.8339347708789116e-4,18.53130947444807,17,10,0,1,170,100,945096783.1968515,55593928.4233442,10000,0,0,0,203629.6191150681,7195.769976652121,-2.3027829643140763e-6,23640152.33516693,0.5
2,0,0,100,0,0,0,0,0,100,0,2042,30000,205298399.60112736,216784105.21339026,0.16314659058418737,0.27252261145013823,0.2888888888888889,success,130938.88088493189,138134.650861584,0.3055189058528712,36109,879118362.26,336128.10000000003,3.823468083818614e-4,19.142842687104856,18,10,0,1,180,100,1033713505.1036623,57428528.06131457,10000,0,0,0,197993.44913841604,7195.769976652121,-2.2866760568396316e-6,23706162.929534912,0.5
2,0,0,100,0,0,0,0,0,100,0,2043,30000,216784105.21339026,228648839.11085784,0.172075708711437,0.25437641456184074,0.2888888888888889,success,138134.650861584,145330.4208382361,0.26934169632979565,36109,885586249.24,337687.7,3.813154283840786e-4,19.774556495779315,19,10,0,1,190,100,1127149720.2594209,59323669.48733795,10000,0,0,0,192357.2791617639,7195.769976652121,-2.2707408869893086e-6,23772055.14907837,0.5
2,0,0,100,0,0,0,0,0,100,0,2044,30000,228648839.11085784,240905109.22694185,0.18129948773688587,0.23637754812264294,0.2888888888888889,success,145330.4208382361,152526.19081488822,0.23316448680672008,36109,892054136.22,339247.30000000005,3.8029900453971356e-4,20.427116860140032,20,10,0,1,200,100,1225627011.608402,61281350.5804201,10000,0,0,0,186721.10918511183,7195.769976652121,-2.254998271444819e-6,23837815.403938293,0.5
2,0,0,100,0,0,0,0,0,100,0,2045,30000,240905109.22694185,253565836.25685665,0.19082765147017455,0.21853087403736507,0.2888888888888889,success,152526.19081488822,159721.96079154033,0.1969872772836445,36109,898522023.2,340806.9,3.7929721386933724e-4,21.101211716524645,21,10,0,1,210,100,1329376338.1410527,63303635.14957394,10000,0,0,0,181084.9392084597,7195.769976652121,-2.239443006035735e-6,23903473.019599915,0.5
2,0,0,100,0,0,0,0,0,100,0,2046,30000,253565836.25685665,266644367.27875862,0.20067024460666175,0.20084141465368643,0.2888888888888889,success,159721.96079154033,166917.73076819244,0.16081006776056894,36109,904928892.7,343189.92000000004,3.7924517911682327e-4,21.79755170316996,22,10,0,1,220,100,1438638412.4092174,65392655.109509885,10000,0,0,0,176272.1892318076,7195.769976652121,-2.2160138307691923e-6,24003557.682037354,0.5
2,0,0,100,0,0,0,0,0,100,0,2047,30000,266644367.27875862,280154489.8243834,0.21083764331665303,0.18331435805675983,0.2888888888888889,success,166917.73076819244,174113.50074484455,0.12463285823749337,36109,911335762.2,345572.94,3.791938759933808e-4,22.516870909374568,23,10,0,1,230,100,1553664092.7468452,67550612.72812371,10000,0,0,0,171459.43925515545,7195.769976652121,-2.1929749682847444e-6,24103345.87097168,0.5
2,0,0,100,0,0,0,0,0,100,0,2048,30000,280154489.8243834,294110446.41401374,0.22134056618407405,0.1659550635385481,0.2888888888888889,success,174113.50074484455,181309.27072149666,0.0884556487144178,36109,917742631.7,347955.96,3.791432891762437e-4,23.259927649383926,24,10,0,1,240,100,1674714790.7556427,69779782.94815178,10000,0,0,0,166646.68927850336,7195.769976652121,-2.170342031093675e-6,24202896.237373352,0.5
2,0,0,100,0,0,0,0,0,100,0,2049,30000,294110446.41401374,308526949.5711019,0.23219008550611994,0.14876906724764885,0.2888888888888889,success,181309.27072149666,188505.04069814878,0.05227843919134223,36109,924149501.2,350338.98,3.790934037675591e-4,24.027505261813594,25,10,0,1,250,100,1802062894.6360195,72082515.78544079,10000,0,0,0,161833.9393018512,7195.769976652121,-2.1480994066847003e-6,24302141.547203064,0.5
2,0,0,100,0,0,0,0,0,100,0,2050,30000,308526949.5711019,323419197.332374,0.24339763896579333,0.1317620880255633,0.2888888888888889,success,188505.04069814878,195700.8106748009,0.01610122966826666,36109,930556370.7,352722,3.790442052797608e-4,24.82041293545344,26,10,0,1,260,100,1935992208.9653683,74461238.80636032,10000,0,0,0,157021.1893251991,7195.769976652121,-2.1262262783761088e-6,24401129.364967346,0.5
3,0,10,100,0,10,0,5,0,100,10,2025,30000,0,7771235.705849997,0.005848448200515097,0.6049776761384602,0.25,success,0,7302.6342525832915,0.9632855232611243,36109,787066250.4,362027,4.5997017381448123e-4,11.023029369999996,1,10,0,1,10,100,33069088.10999999,33069088.10999999,10000,0,0,0,354724.3657474167,7302.6342525832915,-2.1805526134732744e-6,24926036.45324707,0.25
3,0,10,100,0,10,0,5,0,100,10,2026,30000,7771235.705849997,15798922.189993044,0.011889895191647192,0.585051851672229,0.25,success,7302.6342525832915,14605.268505166583,0.9265710465222485,36109,792534838.66,358029.76,4.517527085690626e-4,11.386789339209997,2,10,0,1,20,100,68320736.03525998,34160368.01762999,10000,0,0,0,343424.49149483343,7302.6342525832915,-2.217406206567185e-6,24760654.34217453,0.25
3,0,10,100,0,10,0,5,0,100,10,2027,30000,15798922.189993044,24091522.32811281,0.018130709933486647,0.5652257110813513,0.25,success,14605.268505166583,21907.902757749875,0.8898565697833729,36109,798003426.92,354032.52,4.4364786924090726e-4,11.762553387403925,3,10,0,1,30,100,105862980.48663533,35287660.162211776,10000,0,0,0,332124.6172422501,7302.6342525832915,-2.2553089604193666e-6,24594513.523578644,0.25
3,0,10,100,0,10,0,5,0,100,10,2028,30000,24091522.32811281,32657778.270790532,0.024577471561806806,0.5455025439337141,0.25,success,21907.902757749875,29210.537010333166,0.8531420930444972,36109,803472015.1800001,350035.27999999997,4.356533561677096e-4,12.150717649188254,4,10,0,1,40,100,145808611.79025903,36452152.94756476,10000,0,0,0,320824.7429896668,7302.6342525832915,-2.2943061513125418e-6,24427621.579170227,0.25
3,0,10,100,0,10,0,5,0,100,10,2029,30000,32657778.270790532,41506720.65957662,0.031236976323861528,0.5258857483529441,0.25,success,29210.537010333166,36513.171262916454,0.8164276163056214,36109,808940603.44,346038.04,4.2776693187173657e-4,12.551691331611465,5,10,0,1,50,100,188275369.97417197,37655073.99483439,10000,0,0,0,309524.8687370835,7302.6342525832915,-2.334440713652741e-6,24259991.38355255,0.25
3,0,10,100,0,10,0,5,0,100,10,2030,30000,41506720.65957662,50647678.14719264,0.038116244743064055,0.5063788346007482,0.25,success,36513.171262916454,43815.80551549974,0.7797131395667458,36109,814409191.7,342040.8,4.199864189720441e-4,12.965897145554644,6,10,0,1,60,100,233386148.61998358,38897691.43666393,10000,0,0,0,298224.99448450026,7302.6342525832915,-2.375746214339225e-6,24091559.636592865,0.25
3,0,10,100,0,10,0,5,0,100,10,2031,30000,50647678.14719264,60090287.23189999,0.04522252902010026,0.486985428777469,0.25,success,43815.80551549974,51118.43976808303,0.7429986628278701,36109,818788307.48,339875.42,4.15095595400038e-4,13.393771751357946,7,10,0,1,70,100,281269206.7785169,40181315.254073836,10000,0,0,0,288756.98023191694,7302.6342525832915,-2.3986338956727415e-6,23999988.69895935,0.25
3,0,10,100,0,10,0,5,0,100,10,2032,30000,60090287.23189999,69844502.41640268,0.05256332067827866,0.4677092766447608,0.25,success,51118.43976808303,58421.07402066632,0.7062841860889943,36109,823167423.26,337710.04,4.102568085876902e-4,13.835766219152756,8,10,0,1,80,100,332058389.25966614,41507298.65745827,10000,0,0,0,279288.9659793337,7302.6342525832915,-2.4218874301873416e-06,23908185.76812744,0.25
3,0,10,100,0,10,0,5,0,100,10,2033,30000,69844502.41640268,79920606.70199397,0.06014635846117696,0.4485542475744126,0.25,success,58421.07402066632,65723.7082732496,0.6695697093501187,36109,827546539.0400001,335544.66000000003,4.054692324485466e-4,14.292346504384795,9,10,0,1,90,100,385893355.6183895,42877039.51315439,10000,0,0,0,269820.9517267504,7302.6342525832915,-2.4455239916454374e-6,23816153.633594513,0.25
3,0,10,100,0,10,0,5,0,100,10,2034,30000,79920606.70199397,90329222.42900977,0.06797963649091089,0.42952433862748235,0.25,success,65723.7082732496,73026.3425258329,0.632855232611243,36109,831925654.82,333379.28,4.0073205828966986e-4,14.763993939029493,10,10,0,1,100,100,442919818.1708848,44291981.81708848,10000,0,0,0,260352.93747416715,7302.6342525832915,-2.4695438402555503e-6,23723867.189884186,0.25
3,0,10,100,0,10,0,0,0,95,10,2035,30000,90329222.42900977,100623786.30284655,0.07572708179329773,0.4106208642355442,0.25,success,73026.3425258329,80275.08162079097,0.5964117173422326,36109,836304770.6,331213.9,3.9604449435625403e-4,15.251205739017465,11,10,0,1,110,100,503289789.38757634,45753617.21705239,10000,0,0,0,250938.81837920906,7248.739094958078,-2.3665678791640055e-6,23469860.90540886,0.25
3,0,10,100,0,10,0,0,0,95,10,2036,30000,100623786.30284655,111258070.78451996,0.08373019279066335,0.39184522269109556,0.25,success,80275.08162079097,87523.82071574904,0.5599682020732223,36109,842280334.14,331572.9,3.9366097789585516e-4,15.75449552840504,12,10,0,1,120,100,567161839.0225815,47263486.585215114,10000,0,0,0,244049.07928425097,7248.739094958078,-2.362695716157104e-6,23485106.080770493,0.25
3,0,10,100,0,0,0,0,0,85,10,2037,30000,111258070.78451996,121266823.02123803,0.09126254301447281,0.3731999791892768,0.25,success,87523.82071574904,94656.15249349768,0.5241099322912646,36109,848255897.68,331931.9,3.913110429386246e-4,16.274393880842407,13,10,0,1,130,100,634701361.3528539,48823181.64252722,10000,0,0,0,237275.74750650235,7132.331777748632,-2.1258000568180613e-6,23119739.735126495,0.25
3,0,10,100,0,0,0,0,0,85,10,2038,30000,121266823.02123803,131605864.0817678,0.09904346079566798,0.3546790194661508,0.25,success,94656.15249349768,101788.48427124631,0.48825166250930696,36109,854231461.22,332290.9,3.889939847514248e-4,16.811448878910202,14,10,0,1,140,100,706080852.9142284,50434346.636730604,10000,0,0,0,230502.41572875372,7132.331777748632,-2.122329655768196e-6,23134716.349840164,0.25
3,0,0,100,0,0,0,0,0,75,10,2039,30000,131605864.0817678,141244119.8957802,0.10629698417408409,0.33627878689731094,0.25,success,101788.48427124631,108798.47475077625,0.4530084716964302,36109,860207024.76,332649.9,3.8670911818327713e-4,17.36622669191424,15,10,0,1,150,100,781480201.1361407,52098680.075742714,10000,0,0,0,223851.42524922377,7009.990479529934,-1.8865864599704185e-6,22749162.018299103,0.25
3,0,0,100,0,0,0,0,0,75,10,2040,30000,141244119.8957802,151200438.15165502,0.11378987382398795,0.3179982374642149,0.25,success,108798.47475077625,115808.46523030619,0.4177652808835536,36109,866182588.3,333008.9,3.84455776989901e-4,17.939312172747407,16,10,0,1,160,100,861086984.2918755,53817936.51824222,10000,0,0,0,217200.43476969382,7009.990479529934,-1.8835141779582898e-6,22763886.898756027,0.25
3,0,0,100,0,0,0,0,0,75,10,2041,30000,151200438.15165502,161485314.90997368,0.1215300288323386,0.29984132071034236,0.25,success,115808.46523030619,122818.45570983613,0.38252209007067683,36109,872650475.28,334568.5,3.8339347708789116e-4,18.53130947444807,17,10,0,1,170,100,945096783.1968515,55593928.4233442,10000,0,0,0,211750.04429016387,7009.990479529934,-1.8702763296407632e-6,22827749.66955185,0.25
3,0,0,100,0,0,0,0,0,75,10,2042,30000,161485314.90997368,172109592.60131687,0.12952560895596485,0.28181211651410754,0.25,success,122818.45570983613,129828.44618936606,0.3472788992578002,36109,879118362.26,336128.10000000003,3.823468083818614e-4,19.142842687104856,18,10,0,1,180,100,1033713505.1036623,57428528.06131457,10000,0,0,0,206299.653810634,7009.990479529934,-1.857194346227553e-6,22891491.919755936,0.25
3,0,0,100,0,0,0,0,0,75,10,2043,30000,172109592.60131687,183084471.4564744,0.13778504322367074,0.26391483938991256,0.25,success,129828.44618936606,136838.436668896,0.31203570844492345,36109,885586249.24,337687.7,3.813154283840786e-4,19.774556495779315,19,10,0,1,190,100,1127149720.2594209,59323669.48733795,10000,0,0,0,200849.263331104,7009.990479529934,-1.8442526152073757e-6,22955120.17607689,0.25
3,0,0,100,0,0,0,0,0,75,10,2044,30000,183084471.4564744,194421521.3138521,0.14631703882221095,0.24615384293113474,0.25,success,136838.436668896,143848.42714842592,0.27679251763204693,36109,892054136.22,339247.30000000005,3.8029900453971356e-4,20.427116860140032,20,10,0,1,200,100,1225627011.608402,61281350.5804201,10000,0,0,0,195398.87285157412,7009.990479529934,-1.8314667490915149e-6,23018622.010946274,0.25
3,0,0,100,0,0,0,0,0,75,10,2045,30000,194421521.3138521,206132693.81652328,0.155130590275503,0.22853362439973288,0.25,success,143848.42714842592,150858.41762795585,0.2415493268191703,36109,898522023.2,340806.9,3.7929721386933724e-4,21.101211716524645,21,10,0,1,210,100,1329376338.1410527,63303635.14957394,10000,0,0,0,189948.48237204418,7009.990479529934,-1.8188333651691924e-6,23082022.547721863,0.25
3,0,0,100,0,0,0,0,0,75,10,2046,30000,206132693.81652328,218230335.01178262,0.16423498892675364,0.21105882946731036,0.25,success,150858.41762795585,157868.40810748577,0.20630613600629366,36109,904928892.7,343189.92000000004,3.7924517911682327e-4,21.79755170316996,22,10,0,1,220,100,1438638412.4092174,65392655.109509885,10000,0,0,0,185321.51189251427,7009.990479529934,-1.799803795582422e-6,23178666.7406559,0.25
3,0,0,100,0,0,0,0,0,65,0,2047,30000,218230335.01178262,229376186.11192304,0.17262309286249647,0.19372996262175712,0.25,success,157868.40810748577,164717.97887534837,0.17186946590481422,36109,911335762.2,345572.94,3.791938759933808e-4,22.516870909374568,23,10,0,1,230,100,1553664092.7468452,67550612.72812371,10000,0,0,0,180854.96112465163,6849.5707678626,-1.4254337293850838e-6,22943699.66983795,0.25
3,0,0,100,0,0,0,0,0,65,0,2048,30000,229376186.11192304,240889850.2983681,0.1812880042281188,0.17653949949114364,0.25,success,164717.97887534837,171567.54964321098,0.13743279580333478,36109,917742631.7,347955.96,3.791432891762437e-4,23.259927649383926,24,10,0,1,240,100,1674714790.7556427,69779782.94815178,10000,0,0,0,176388.41035678904,6849.5707678626,-1.4107223202108887e-6,23038458.663225174,0.25
3,0,0,100,0,0,0,0,0,65,0,2049,30000,240889850.2983681,252783465.4029658,0.19023885766880666,0.15949200739806293,0.25,success,171567.54964321098,178417.12041107359,0.10299612570185535,36109,924149501.2,350338.98,3.790934037675591e-4,24.027505261813594,25,10,0,1,250,100,1802062894.6360195,72082515.78544079,10000,0,0,0,171921.8595889264,6849.5707678626,-1.3962646143450552e-6,23132928.496599197,0.25
3,0,0,100,0,0,0,0,0,65,0,2050,30000,252783465.4029658,265069569.80601525,0.19948508927303718,0.14259220438675355,0.25,success,178417.12041107359,185266.6911789362,0.06855945560037591,36109,930556370.7,352722,3.790442052797608e-4,24.82041293545344,26,10,0,1,260,100,1935992208.9653683,74461238.80636032,10000,0,0,0,167455.3088210638,6849.5707678626,-1.3820470809444707e-6,23227154.606580734,0.25
4,10,10,100,10,10,10,10,10,10,10,2025,30000,0,6283126.740899998,0.004728532587650504,0.6071970070102332,0.1,success,0,6418.138304300866,0.9677323851462526,36109,787066250.4,362027,4.5997017381448123e-4,11.023029369999996,1,10,0,1,10,100,33069088.10999999,33069088.10999999,10000,0,0,0,355608.86169569916,6418.138304300866,-3.498857453765325e-7,21864195.370674133,0.1
4,10,10,100,10,10,10,10,10,10,10,2026,30000,6283126.740899998,12773596.664249696,0.009613106750693476,0.5894720348081625,0.1,success,6418.138304300866,12836.276608601733,0.9354647702925052,36109,792534838.66,358029.76,4.517527085690626e-4,11.386789339209997,2,10,0,1,20,100,68320736.03525998,34160368.01762999,10000,0,0,0,345193.4833913983,6418.138304300866,-3.5579872381674704e-7,21719123.196601868,0.1
4,10,10,100,10,10,10,10,10,10,10,2027,30000,12773596.664249696,19478252.095069934,0.014658871861116864,0.571827658079782,0.1,success,12836.276608601733,19254.414912902597,0.9031971554387577,36109,798003426.92,354032.52,4.4364786924090726e-4,11.762553387403925,3,10,0,1,30,100,105862980.48663533,35287660.162211776,10000,0,0,0,334778.10508709744,6418.138304300866,-3.6188031737882653e-7,21573393.23759079,0.1
4,10,10,100,10,10,10,10,10,10,10,2028,30000,19478252.095069934,26404161.15510724,0.019871147220184227,0.5542665364757235,0.1,success,19254.414912902597,25672.553217203465,0.8709295405850103,36109,803472015.1800001,350035.27999999997,4.356533561677096e-4,12.150717649188254,4,10,0,1,40,100,145808611.79025903,36452152.94756476,10000,0,0,0,324362.7267827965,6418.138304300866,-3.6813885273545566e-7,21427002.489566803,0.1
4,10,10,100,10,10,10,10,10,10,10,2029,30000,26404161.15510724,33558625.214125775,0.025255427666100807,0.5367914174150897,0.1,success,25672.553217203465,32090.691521504334,0.8386619257312629,36109,808940603.44,346038.04,4.2776693187173657e-4,12.551691331611465,5,10,0,1,50,100,188275369.97417197,37655073.99483439,10000,0,0,0,313947.34847849567,6418.138304300866,-3.7457901364001955e-7,21279961.75289154,0.1
4,10,10,100,10,10,10,10,10,10,10,2030,30000,33558625.214125775,40949186.58709192,0.030817389366732638,0.5194051389818134,0.1,success,32090.691521504334,38508.8298258052,0.8063943108775153,36109,814409191.7,342040.8,4.199864189720441e-4,12.965897145554644,6,10,0,1,60,100,233386148.61998358,38897691.43666393,10000,0,0,0,303531.9701741948,6418.138304300866,-3.8120548384590336e-7,21132222.604751587,0.1
4,10,10,100,10,10,10,10,10,10,10,2031,30000,40949186.58709192,48583636.48536596,0.036562895803485325,0.5021106329165976,0.1,success,38508.8298258052,44926.96813010607,0.7741266960237679,36109,818788307.48,339875.42,4.15095595400038e-4,13.393771751357946,7,10,0,1,70,100,281269206.7785169,40181315.254073836,10000,0,0,0,294948.45186989394,6418.138304300866,-3.8487858733393665e-7,21051901.78155899,0.1
4,10,10,100,10,10,10,10,10,10,10,2032,30000,48583636.48536596,56470023.23028303,0.04249800395265084,0.48491092770758826,0.1,success,44926.96813010607,51345.10643440694,0.7418590811700205,36109,823167423.26,337710.04,4.102568085876902e-4,13.835766219152756,8,10,0,1,80,100,332058389.25966614,41507298.65745827,10000,0,0,0,286364.93356559303,6418.138304300866,-3.8860997753076276e-7,20971372.711658478,0.1
4,10,10,100,10,10,10,10,10,10,10,2033,30000,56470023.23028303,64616660.73778237,0.04862897067073882,0.4678091517830401,0.1,success,51345.10643440694,57763.24473870781,0.709591466316273,36109,827546539.0400001,335544.66000000003,4.054692324485466e-4,14.292346504384795,9,10,0,1,90,100,385893355.6183895,42877039.51315439,10000,0,0,0,277781.41526129225,6418.138304300866,-3.9240277693863845e-7,20890645.051002502,0.1
4,10,10,100,10,10,10,10,10,10,10,2034,30000,64616660.73778237,73032137.28302917,0.054962259290523695,0.45080853680934035,0.1,success,57763.24473870781,64181.383043008675,0.6773238514625257,36109,831925654.82,333379.28,4.0073205828966986e-4,14.763993939029493,10,10,0,1,100,100,442919818.1708848,44291981.81708848,10000,0,0,0,269197.89695699135,6418.138304300866,-3.9625646514052093e-7,20809696.805477142,0.1
4,10,10,100,10,10,10,10,10,10,10,2035,30000,73032137.28302917,81725324.55426912,0.06150454643476148,0.43391242109786715,0.1,success,64181.383043008675,70599.52134730954,0.6450562366087782,36109,836304770.6,331213.9,3.9604449435625403e-4,15.251205739017465,11,10,0,1,110,100,503289789.38757634,45753617.21705239,10000,0,0,0,260614.3786526905,6418.138304300866,-4.0017520547275254e-7,20728553.760051727,0.1
4,10,10,100,10,10,10,10,10,10,10,2036,30000,81725324.55426912,90705387.00546,0.06826272905475911,0.41712425312427376,0.1,success,70599.52134730954,77017.6596516104,0.6127886217550308,36109,842280334.14,331572.9,3.9366097789585516e-4,15.75449552840504,12,10,0,1,120,100,567161839.0225815,47263486.585215114,10000,0,0,0,254555.2403483896,6418.138304300866,-3.995194799988333e-7,20742020.95270157,0.1
4,10,10,100,10,10,10,10,10,10,10,2037,30000,90705387.00546,99981791.51754016,0.07524393170121665,0.40044759516391043,0.1,success,77017.6596516104,83435.79795591127,0.5805210069012834,36109,848255897.68,331931.9,3.913110429386246e-4,16.274393880842407,13,10,0,1,130,100,634701361.3528539,48823181.64252722,10000,0,0,0,248496.10204408877,6418.138304300866,-3.988694791123848e-7,20755488.46721649,0.1
4,10,10,100,10,10,10,10,10,10,10,2038,30000,99981791.51754016,109564317.37851897,0.0824555140350073,0.3838861270472136,0.1,success,83435.79795591127,89853.93626021214,0.5482533920475359,36109,854231461.22,332290.9,3.889939847514248e-4,16.811448878910202,14,10,0,1,140,100,706080852.9142284,50434346.636730604,10000,0,0,0,242436.96373978787,6418.138304300866,-3.982173965577651e-7,20768936.419487,0.1
4,10,10,100,10,10,10,10,10,10,10,2039,30000,109564317.37851897,119463066.59291008,0.08990507858581304,0.36744365003902424,0.1,success,89853.93626021214,96272.07456451301,0.5159857771937885,36109,860207024.76,332649.9,3.8670911818327713e-4,17.36622669191424,15,10,0,1,150,100,781480201.1361407,52098680.075742714,10000,0,0,0,236377.82543548703,6418.138304300866,-3.975679160883594e-7,20782392.34685898,0.1
4,10,10,100,10,10,10,10,10,10,10,2040,30000,119463066.59291008,129688474.53137611,0.09760047876679537,0.3511240908459234,0.1,success,96272.07456451301,102690.21286881388,0.48371816234004106,36109,866182588.3,333008.9,3.84455776989901e-4,17.939312172747407,16,10,0,1,160,100,861086984.2918755,53817936.51824222,10000,0,0,0,230318.68713118613,6418.138304300866,-3.9692103770416765e-7,20795842.9813385,0.1
4,10,10,100,10,10,10,10,10,10,10,2041,30000,129688474.53137611,140251320.9318115,0.10554982715375011,0.33493150575580855,0.1,success,102690.21286881388,109108.35117311474,0.45145054748629365,36109,872650475.28,334568.5,3.8339347708789116e-4,18.53130947444807,17,10,0,1,170,100,945096783.1968515,55593928.4233442,10000,0,0,0,225460.14882688527,6418.138304300866,-3.9413212277183973e-7,20854184.567928314,0.1
4,10,10,100,10,10,10,10,10,10,10,2042,30000,140251320.9318115,151162741.2634613,0.11376150403747437,0.31887008491407853,0.1,success,109108.35117311474,115526.48947741561,0.41918293263254613,36109,879118362.26,336128.10000000003,3.823468083818614e-4,19.142842687104856,18,10,0,1,180,100,1033713505.1036623,57428528.06131457,10000,0,0,0,220601.6105225844,6418.138304300866,-3.913749532791222e-7,20912414.68191147,0.1
4,10,10,100,10,10,10,10,10,10,10,2043,30000,151162741.2634613,162434238.4660555,0.12224416625836153,0.30294415674092995,0.1,success,115526.48947741561,121944.62778171648,0.38691531777879873,36109,885586249.24,337687.7,3.813154283840786e-4,19.774556495779315,19,10,0,1,190,100,1127149720.2594209,59323669.48733795,10000,0,0,0,215743.07221828355,6418.138304300866,-3.8864848839192945e-7,20970544.266700745,0.1
4,10,10,100,10,10,10,10,10,10,10,2044,30000,162434238.4660555,174077695.07633534,0.13100675633253797,0.28715819249442603,0.1,success,121944.62778171648,128362.76608601735,0.3546477029250513,36109,892054136.22,339247.30000000005,3.8029900453971356e-4,20.427116860140032,20,10,0,1,200,100,1225627011.608402,61281350.5804201,10000,0,0,0,210884.53391398268,6418.138304300866,-3.859532485273043e-7,21028557.336330414,0.1
4,10,10,100,10,10,10,10,10,10,10,2045,30000,174077695.07633534,186105385.7547544,0.1400585118791622,0.27151681098414604,0.1,success,128362.76608601735,134780.9043903182,0.3223800880713039,36109,898522023.2,340806.9,3.7929721386933724e-4,21.101211716524645,21,10,0,1,210,100,1329376338.1410527,63303635.14957394,10000,0,0,0,206025.99560968182,6418.138304300866,-3.8329183577046066e-7,21086476.600170135,0.1
4,10,10,100,10,10,10,10,10,10,10,2046,30000,186105385.7547544,198529990.22556126,0.14940897535882505,0.2560247834403853,0.1,success,134780.9043903182,141199.04269461907,0.2901124732175565,36109,904928892.7,343189.92000000004,3.7924517911682327e-4,21.79755170316996,22,10,0,1,220,100,1438638412.4092174,65392655.109509885,10000,0,0,0,201990.87730538097,6418.138304300866,-3.792809816216547e-7,21174763.15498352,0.1
4,10,10,100,10,10,10,10,10,10,10,2047,30000,198529990.22556126,211364606.64390478,0.1590680041333168,0.24068703854403903,0.1,success,141199.04269461907,147617.18099891994,0.257844858363809,36109,911335762.2,345572.94,3.791938759933808e-4,22.516870909374568,23,10,0,1,230,100,1553664092.7468452,67550612.72812371,10000,0,0,0,197955.75900108006,6418.138304300866,-3.753377816884118e-7,21262795.293331146,0.1
4,10,10,100,10,10,10,10,10,10,10,2048,30000,211364606.64390478,224622765.40405363,0.16904578085736674,0.22550866762247182,0.1,success,147617.18099891994,154035.3193032208,0.2255772435100616,36109,917742631.7,347955.96,3.791432891762437e-4,23.259927649383926,24,10,0,1,240,100,1674714790.7556427,69779782.94815178,10000,0,0,0,193920.6406967792,6418.138304300866,-3.714643176389032e-7,21350613.31987381,0.1
4,10,10,100,10,10,10,10,10,10,10,2049,30000,224622765.40405363,238318443.40328738,0.17935282421331034,0.2104949300168515,0.1,success,154035.3193032208,160453.45760752168,0.19330962865631418,36109,924149501.2,350338.98,3.790934037675591e-4,24.027505261813594,25,10,0,1,250,100,1802062894.6360195,72082515.78544079,10000,0,0,0,189885.5223924783,6418.138304300866,-3.676579873879149e-7,21438159.19160843,0.1
4,10,10,100,10,10,10,10,10,10,10,2050,30000,238318443.40328738,252466078.77649584,0.19000000000000006,0.19565125862660426,0.1,success,160453.45760752168,166871.59591182254,0.16104201380256677,36109,930556370.7,352722,3.790442052797608e-4,24.82041293545344,26,10,0,1,260,100,1935992208.9653683,74461238.80636032,10000,0,0,0,185850.40408817746,6418.138304300866,-3.6391358676501895e-7,21525483.8347435,0.1
5,10,10,55,10,10,10,10,10,10,10,2025,30000,0,4795017.775949999,0.0036086169747859115,0.6154132416326689,0.05,success,0,3625.1550832510816,0.9817742930324415,36109,787066250.4,362027,4.5997017381448123e-4,11.023029369999996,1,10,0,1,10,100,33069088.10999999,33069088.10999999,10000,0,0,0,358401.84491674893,3625.1550832510816,-3.498857453765325e-7,12244051.212072372,0.05
5,10,10,55,10,10,10,10,10,10,10,2026,30000,4795017.775949999,9748271.13850635,0.0073363183097397595,0.6058860254454217,0.05,success,3625.1550832510816,7250.310166502163,0.9635485860648829,36109,792534838.66,358029.76,4.517527085690626e-4,11.386789339209997,2,10,0,1,20,100,68320736.03525998,34160368.01762999,10000,0,0,0,350779.44983349787,3625.1550832510816,-3.5579872381674704e-7,12162810.516357422,0.05
5,10,10,55,10,10,10,10,10,10,10,2027,30000,9748271.13850635,14864981.862027057,0.011187033788747082,0.5964203163302013,0.05,success,7250.310166502163,10875.465249753244,0.9453228790973244,36109,798003426.92,354032.52,4.4364786924090726e-4,11.762553387403925,3,10,0,1,30,100,105862980.48663533,35287660.162211776,10000,0,0,0,343157.05475024675,3625.1550832510816,-3.6188031737882653e-7,12081200.587749481,0.05
5,10,10,55,10,10,10,10,10,10,10,2028,30000,14864981.862027057,20150544.039423946,0.015164822878561647,0.5870181440203845,0.05,success,10875.465249753244,14500.620333004326,0.9270971721297658,36109,803472015.1800001,350035.27999999997,4.356533561677096e-4,12.150717649188254,4,10,0,1,40,100,145808611.79025903,36452152.94756476,10000,0,0,0,335534.65966699563,3625.1550832510816,-3.6813885273545566e-7,11999220.031499863,0.05
5,10,10,55,10,10,10,10,10,10,10,2029,30000,20150544.039423946,25610529.768674932,0.01927387900834009,0.5776816052305497,0.05,success,14500.620333004326,18125.77541625541,0.9088714651622073,36109,808940603.44,346038.04,4.2776693187173657e-4,12.551691331611465,5,10,0,1,50,100,188275369.97417197,37655073.99483439,10000,0,0,0,327912.2645837446,3625.1550832510816,-3.7457901364001955e-7,11916878.199577332,0.05
5,10,10,55,10,10,10,10,10,10,10,2030,30000,25610529.768674932,31250695.026991203,0.023518533990401224,0.568412865866856,0.05,success,18125.77541625541,21750.93049950649,0.8906457581946488,36109,814409191.7,342040.8,4.199864189720441e-4,12.965897145554644,6,10,0,1,60,100,233386148.61998358,38897691.43666393,10000,0,0,0,320289.8695004935,3625.1550832510816,-3.8120548384590336e-7,11834142.923355103,0.05
5,10,10,55,10,10,10,10,10,10,10,2031,30000,31250695.026991203,37076985.73883191,0.027903262586870373,0.5592141633103666,0.05,success,21750.93049950649,25376.08558275757,0.8724200512270903,36109,818788307.48,339875.42,4.15095595400038e-4,13.393771751357946,7,10,0,1,70,100,281269206.7785169,40181315.254073836,10000,0,0,0,314499.33441724244,3625.1550832510816,-3.8487858733393665e-7,11789163.047075272,0.05
5,10,10,55,10,10,10,10,10,10,10,2032,30000,37076985.73883191,43095544.044163354,0.032432687227023,0.550087808775719,0.05,success,25376.08558275757,29001.24066600865,0.8541943442595318,36109,823167423.26,337710.04,4.102568085876902e-4,13.835766219152756,8,10,0,1,80,100,332058389.25966614,41507298.65745827,10000,0,0,0,308708.7993339913,3625.1550832510816,-3.8860997753076276e-7,11744066.494703293,0.05
5,10,10,55,10,10,10,10,10,10,10,2033,30000,43095544.044163354,49312714.77357074,0.03711158288030067,0.5410361897476337,0.05,success,29001.24066600865,32626.39574925973,0.8359686372919732,36109,827546539.0400001,335544.66000000003,4.054692324485466e-4,14.292346504384795,9,10,0,1,90,100,385893355.6183895,42877039.51315439,10000,0,0,0,302918.2642507403,3625.1550832510816,-3.9240277693863845e-7,11698858.737945557,0.05
5,10,10,55,10,10,10,10,10,10,10,2034,30000,49312714.77357074,55735052.137048565,0.0419448820901365,0.5320617724978274,0.05,success,32626.39574925973,36251.55083251081,0.8177429303244147,36109,831925654.82,333379.28,4.0073205828966986e-4,14.763993939029493,10,10,0,1,100,100,442919818.1708848,44291981.81708848,10000,0,0,0,297127.7291674892,3625.1550832510816,-3.9625646514052093e-7,11653526.151180267,0.05
5,10,10,55,10,10,10,10,10,10,10,2035,30000,55735052.137048565,62369326.63352116,0.04693768017389691,0.5231671046849835,0.05,success,36251.55083251081,39876.70591576189,0.7995172233568562,36109,836304770.6,331213.9,3.9604449435625403e-4,15.251205739017465,11,10,0,1,110,100,503289789.38757634,45753617.21705239,10000,0,0,0,291337.19408423814,3625.1550832510816,-4.0017520547275254e-7,11608087.599277496,0.05
5,10,10,55,10,10,10,10,10,10,10,2036,30000,62369326.63352116,69222532.18837735,0.052095240594421416,0.5143548180405217,0.05,success,39876.70591576189,43501.86099901298,0.7812915163892976,36109,842280334.14,331572.9,3.9366097789585516e-4,15.75449552840504,12,10,0,1,120,100,567161839.0225815,47263486.585215114,10000,0,0,0,288071.0390009871,3625.1550832510816,-3.995194799988333e-7,11615628.451108932,0.05
5,10,10,55,10,10,10,10,10,10,10,2037,30000,69222532.18837735,76301893.5265438,0.05742300050882323,0.5056276311429986,0.05,success,43501.86099901298,47127.01608226406,0.7630658094217391,36109,848255897.68,331931.9,3.913110429386246e-4,16.274393880842407,13,10,0,1,130,100,634701361.3528539,48823181.64252722,10000,0,0,0,284804.88391773595,3625.1550832510816,-3.988694791123848e-7,11623170.590400696,0.05
5,10,10,55,10,10,10,10,10,10,10,2038,30000,76301893.5265438,83614873.78886974,0.0629265765004003,0.496988352284063,0.05,success,47127.01608226406,50752.171165515145,0.7448401024541805,36109,854231461.22,332290.9,3.889939847514248e-4,16.811448878910202,14,10,0,1,140,100,706080852.9142284,50434346.636730604,10000,0,0,0,281538.7288344849,3625.1550832510816,-3.982173965577651e-7,11630701.053142548,0.05
5,10,10,55,10,10,10,10,10,10,10,2039,30000,83614873.78886974,91169182.39985242,0.06861177049969941,0.4884398824289885,0.05,success,50752.171165515145,54377.32624876623,0.726614395486622,36109,860207024.76,332649.9,3.8670911818327713e-4,17.36622669191424,15,10,0,1,150,100,781480201.1361407,52098680.075742714,10000,0,0,0,278272.5737512338,3625.1550832510816,-3.975679160883594e-7,11638237.076997757,0.05
5,10,10,55,10,10,10,10,10,10,10,2040,30000,91169182.39985242,98972783.19499755,0.0744845759009754,0.4799852182749023,0.05,success,54377.32624876623,58002.48133201731,0.7083886885190634,36109,866182588.3,333008.9,3.84455776989901e-4,17.939312172747407,16,10,0,1,160,100,861086984.2918755,53817936.51824222,10000,0,0,0,275006.4186679827,3625.1550832510816,-3.9692103770416765e-7,11645768.934488297,0.05
5,10,10,55,10,10,10,10,10,10,10,2041,30000,98972783.19499755,107033902.81638245,0.0805511838804935,0.47162745540993734,0.05,success,58002.48133201731,61627.6364152684,0.6901629815515049,36109,872650475.28,334568.5,3.8339347708789116e-4,18.53130947444807,17,10,0,1,170,100,945096783.1968515,55593928.4233442,10000,0,0,0,272940.8635847316,3625.1550832510816,-3.9413212277183973e-7,11678440.815210342,0.05
5,10,10,55,10,10,10,10,10,10,10,2042,30000,107033902.81638245,115361039.38527307,0.08681798992333568,0.4633697915766343,0.05,success,61627.6364152684,65252.79149851948,0.6719372745839464,36109,879118362.26,336128.10000000003,3.823468083818614e-4,19.142842687104856,18,10,0,1,180,100,1033713505.1036623,57428528.06131457,10000,0,0,0,270875.30850148055,3625.1550832510816,-3.913749532791222e-7,11711049.181222916,0.05
5,10,10,55,10,10,10,10,10,10,10,2043,30000,115361039.38527307,123962971.46093707,0.09329160056559167,0.4552155300430382,0.05,success,65252.79149851948,68877.94658177056,0.6537115676163878,36109,885586249.24,337687.7,3.813154283840786e-4,19.774556495779315,19,10,0,1,190,100,1127149720.2594209,59323669.48733795,10000,0,0,0,268809.75341822946,3625.1550832510816,-3.8864848839192945e-7,11743602.401018143,0.05
5,10,10,55,10,10,10,10,10,10,10,2044,30000,123962971.46093707,132848767.29509798,0.0999788403590421,0.4471680830850394,0.05,success,68877.94658177056,72503.10166502165,0.6354858606488293,36109,892054136.22,339247.30000000005,3.8029900453971356e-4,20.427116860140032,20,10,0,1,200,100,1225627011.608402,61281350.5804201,10000,0,0,0,266744.1983349784,3625.1550832510816,-3.859532485273043e-7,11776088.511943817,0.05
5,10,10,55,10,10,10,10,10,10,10,2045,30000,132848767.29509798,142027794.3917862,0.10688675906567638,0.43923097558363244,0.05,success,72503.10166502165,76128.25674827273,0.6172601536812707,36109,898522023.2,340806.9,3.7929721386933724e-4,21.101211716524645,21,10,0,1,210,100,1329376338.1410527,63303635.14957394,10000,0,0,0,264678.6432517273,3625.1550832510816,-3.8329183577046066e-7,11808524.590730667,0.05
5,10,10,55,10,10,10,10,10,10,10,2046,30000,142027794.3917862,151509729.38266513,0.1140226390896296,0.4314078487408849,0.05,success,76128.25674827273,79753.41183152382,0.5990344467137122,36109,904928892.7,343189.92000000004,3.7924517911682327e-4,21.79755170316996,22,10,0,1,220,100,1438638412.4092174,65392655.109509885,10000,0,0,0,263436.5081684762,3625.1550832510816,-3.792809816216547e-7,11857965.89255333,0.05
5,10,10,55,10,10,10,10,10,10,10,2047,30000,151509729.38266513,161304568.22824305,0.12139400315437328,0.4237024639185327,0.05,success,79753.41183152382,83378.5669147749,0.5808087397461537,36109,911335762.2,345572.94,3.791938759933808e-4,22.516870909374568,23,10,0,1,230,100,1553664092.7468452,67550612.72812371,10000,0,0,0,262194.3730852251,3625.1550832510816,-3.753377816884118e-7,11907263.338565826,0.05
5,10,10,55,10,10,10,10,10,10,10,2048,30000,161304568.22824305,171422636.75572506,0.1290086222332535,0.4161187066032487,0.05,success,83378.5669147749,87003.72199802598,0.5625830327785951,36109,917742631.7,347955.96,3.791432891762437e-4,23.259927649383926,24,10,0,1,240,100,1674714790.7556427,69779782.94815178,10000,0,0,0,260952.23800197404,3625.1550832510816,-3.714643176389032e-7,11956444.036960602,0.05
5,10,10,55,10,10,10,10,10,10,10,2049,30000,171422636.75572506,181874601.54461396,0.13687452374173675,0.4086605905027662,0.05,success,87003.72199802598,90628.87708127707,0.5443573258110366,36109,924149501.2,350338.98,3.790934037675591e-4,24.027505261813594,25,10,0,1,250,100,1802062894.6360195,72082515.78544079,10000,0,0,0,259710.1029187229,3625.1550832510816,-3.676579873879149e-7,12005469.417572021,0.05
5,10,10,55,10,10,10,10,10,10,10,2050,30000,181874601.54461396,192671481.1715362,0.14499999999999996,0.4013322617771738,0.05,success,90628.87708127707,94254.03216452815,0.526131618843478,36109,930556370.7,352722,3.790442052797608e-4,24.82041293545344,26,10,0,1,260,100,1935992208.9653683,74461238.80636032,10000,0,0,0,258467.96783547185,3625.1550832510816,-3.6391358676501895e-7,12054371.738433838,0.05
6,10,10,19,10,10,10,10,10,10,10,2025,30000,0,3604530.603989999,0.0027126844844942368,0.6219862293306175,0.01,success,0,1390.7685064112522,0.9930078193413926,36109,787066250.4,362027,4.5997017381448123e-4,11.023029369999996,1,10,0,1,10,100,33069088.10999999,33069088.10999999,10000,0,0,0,360636.23149358877,1390.7685064112522,-3.498857453765325e-7,4547935.885190964,0.01
6,10,10,19,10,10,10,10,10,10,10,2026,30000,3604530.603989999,7328010.717911668,0.005514887556976784,0.6190172179552291,0.01,success,1390.7685064112522,2781.5370128225045,0.9860156386827852,36109,792534838.66,358029.76,4.517527085690626e-4,11.386789339209997,2,10,0,1,20,100,68320736.03525998,34160368.01762999,10000,0,0,0,355248.2229871775,1390.7685064112522,-3.5579872381674704e-7,4517760.372161865,0.01
6,10,10,19,10,10,10,10,10,10,10,2027,30000,7328010.717911668,11174365.67559275,0.008409563330851253,0.6160944429305367,0.01,success,2781.5370128225045,4172.305519233757,0.9790234580241778,36109,798003426.92,354032.52,4.4364786924090726e-4,11.762553387403925,3,10,0,1,30,100,105862980.48663533,35287660.162211776,10000,0,0,0,349860.21448076627,1390.7685064112522,-3.6188031737882653e-7,4487446.467876434,0.01
6,10,10,19,10,10,10,10,10,10,10,2028,30000,11174365.67559275,15147650.346877309,0.01139976340526358,0.6132194300561132,0.01,success,4172.305519233757,5563.074025645009,0.9720312773655704,36109,803472015.1800001,350035.27999999997,4.356533561677096e-4,12.150717649188254,4,10,0,1,40,100,145808611.79025903,36452152.94756476,10000,0,0,0,344472.20597435493,1390.7685064112522,-3.6813885273545566e-7,4456994.06504631,0.01
6,10,10,19,10,10,10,10,10,10,10,2029,30000,15147650.346877309,19252053.41231426,0.014488640082131516,0.6103937554829175,0.01,success,5563.074025645009,6953.842532056261,0.965039096706963,36109,808940603.44,346038.04,4.2776693187173657e-4,12.551691331611465,5,10,0,1,50,100,188275369.97417197,37655073.99483439,10000,0,0,0,339084.1974679437,1390.7685064112522,-3.7457901364001955e-7,4426411.356925964,0.01
6,10,10,19,10,10,10,10,10,10,10,2030,30000,19252053.41231426,23491901.778910626,0.01767944968933609,0.6076190473748903,0.01,success,6953.842532056261,8344.611038467514,0.9580469160483556,36109,814409191.7,342040.8,4.199864189720441e-4,12.965897145554644,6,10,0,1,60,100,233386148.61998358,38897691.43666393,10000,0,0,0,333696.1889615325,1390.7685064112522,-3.8120548384590336e-7,4395679.178237915,0.01
6,10,10,19,10,10,10,10,10,10,10,2031,30000,23491901.778910626,27871665.141604673,0.020975556013578416,0.6048969876253818,0.01,success,8344.611038467514,9735.379544878766,0.9510547353897482,36109,818788307.48,339875.42,4.15095595400038e-4,13.393771751357946,7,10,0,1,70,100,281269206.7785169,40181315.254073836,10000,0,0,0,330140.0404551212,1390.7685064112522,-3.8487858733393665e-7,4378972.0594882965,0.01
6,10,10,19,10,10,10,10,10,10,10,2032,30000,27871665.141604673,32395960.695267625,0.02438043384652074,0.6022293136302234,0.01,success,9735.379544878766,11126.148051290018,0.9440625547311408,36109,823167423.26,337710.04,4.102568085876902e-4,13.835766219152756,8,10,0,1,80,100,332058389.25966614,41507298.65745827,10000,0,0,0,326583.89194870996,1390.7685064112522,-3.8860997753076276e-7,4362221.521139145,0.01
6,10,10,19,10,10,10,10,10,10,10,2033,30000,32395960.695267625,37069558.00220145,0.027897672647950157,0.5996178201193084,0.01,success,11126.148051290018,12516.91655770127,0.9370703740725334,36109,827546539.0400001,335544.66000000003,4.054692324485466e-4,14.292346504384795,9,10,0,1,90,100,385893355.6183895,42877039.51315439,10000,0,0,0,323027.7434422988,1390.7685064112522,-3.9240277693863845e-7,4345429.6875,0.01
6,10,10,19,10,10,10,10,10,10,10,2034,30000,37069558.00220145,41897384.0202641,0.03153098032982675,0.597064361048617,0.01,success,12516.91655770127,13907.685064112522,0.930078193413926,36109,831925654.82,333379.28,4.0073205828966986e-4,14.763993939029493,10,10,0,1,100,100,442919818.1708848,44291981.81708848,10000,0,0,0,319471.5949358875,1390.7685064112522,-3.9625646514052093e-7,4328589.627742767,0.01
6,10,10,19,10,10,10,10,10,10,10,2035,30000,41897384.0202641,46884528.29692281,0.03528418716520527,0.5945708515546767,0.01,success,13907.685064112522,15298.453570523774,0.9230860127553185,36109,836304770.6,331213.9,3.9604449435625403e-4,15.251205739017465,11,10,0,1,110,100,503289789.38757634,45753617.21705239,10000,0,0,0,315915.44642947626,1390.7685064112522,-4.0017520547275254e-7,4311714.670658112,0.01
6,10,10,19,10,10,10,10,10,10,10,2036,30000,46884528.29692281,52036248.33471125,0.039161249826151275,0.5921392699735201,0.01,success,15298.453570523774,16689.222076935028,0.9160938320967111,36109,842280334.14,331572.9,3.9366097789585516e-4,15.75449552840504,12,10,0,1,120,100,567161839.0225815,47263486.585215114,10000,0,0,0,314883.67792306497,1390.7685064112522,-3.995194799988333e-7,4314514.449834824,0.01
6,10,10,19,10,10,10,10,10,10,10,2037,30000,52036248.33471125,57357975.13374672,0.0431662555549085,0.5897716599262691,0.01,success,16689.222076935028,18079.99058334628,0.9091016514381037,36109,848255897.68,331931.9,3.913110429386246e-4,16.274393880842407,13,10,0,1,130,100,634701361.3528539,48823181.64252722,10000,0,0,0,313851.90941665374,1390.7685064112522,-3.988694791123848e-7,4317316.288948059,0.01
6,10,10,19,10,10,10,10,10,10,10,2038,30000,57357975.13374672,62855318.917150356,0.04730342647271471,0.5874701324735426,0.01,success,18079.99058334628,19470.759089757532,0.9021094707794963,36109,854231461.22,332290.9,3.889939847514248e-4,16.811448878910202,14,10,0,1,140,100,706080852.9142284,50434346.636730604,10000,0,0,0,312820.1409102425,1390.7685064112522,-3.982173965577651e-7,4320112.760066986,0.01
6,10,10,19,10,10,10,10,10,10,10,2039,30000,62855318.917150356,68534075.04540631,0.05157712403080853,0.5852368683409599,0.01,success,19470.759089757532,20861.527596168784,0.8951172901208889,36109,860207024.76,332649.9,3.8670911818327713e-4,17.36622669191424,15,10,0,1,150,100,781480201.1361407,52098680.075742714,10000,0,0,0,311788.3724038312,1390.7685064112522,-3.975679160883594e-7,4322912.86110878,0.01
6,10,10,19,10,10,10,10,10,10,10,2040,30000,68534075.04540631,74400230.12589471,0.055991853608319445,0.5830741202180856,0.01,success,20861.527596168784,22252.296102580036,0.8881251094622815,36109,866182588.3,333008.9,3.84455776989901e-4,17.939312172747407,16,10,0,1,160,100,861086984.2918755,53817936.51824222,10000,0,0,0,310756.60389742,1390.7685064112522,-3.9692103770416765e-7,4325709.697008133,0.01
6,10,10,19,10,10,10,10,10,10,10,2041,30000,74400230.12589471,80459968.32403922,0.06055226926188821,0.5809842151332405,0.01,success,22252.296102580036,23643.064608991288,0.8811329288036741,36109,872650475.28,334568.5,3.8339347708789116e-4,18.53130947444807,17,10,0,1,170,100,945096783.1968515,55593928.4233442,10000,0,0,0,310925.43539100874,1390.7685064112522,-3.9413212277183973e-7,4337845.813035965,0.01
6,10,10,19,10,10,10,10,10,10,10,2042,30000,80459968.32403922,86719677.88272251,0.06526317863202476,0.5789695569066792,0.01,success,23643.064608991288,25033.83311540254,0.8741407481450667,36109,879118362.26,336128.10000000003,3.823468083818614e-4,19.142842687104856,18,10,0,1,180,100,1033713505.1036623,57428528.06131457,10000,0,0,0,311094.2668845975,1390.7685064112522,-3.913749532791222e-7,4349956.780672073,0.01
6,10,10,19,10,10,10,10,10,10,10,2043,30000,86719677.88272251,93185957.85684235,0.0701295480113758,0.5770326286847249,0.01,success,25033.83311540254,26424.601621813792,0.8671485674864593,36109,885586249.24,337687.7,3.813154283840786e-4,19.774556495779315,19,10,0,1,190,100,1127149720.2594209,59323669.48733795,10000,0,0,0,311263.09837818623,1390.7685064112522,-3.8864848839192945e-7,4362048.908472061,0.01
6,10,10,19,10,10,10,10,10,10,10,2044,30000,93185957.85684235,99865625.07010815,0.07515650758024545,0.5751759955575301,0.01,success,26424.601621813792,27815.370128225044,0.8601563868278519,36109,892054136.22,339247.30000000005,3.8029900453971356e-4,20.427116860140032,20,10,0,1,200,100,1225627011.608402,61281350.5804201,10000,0,0,0,311431.929871775,1390.7685064112522,-3.859532485273043e-7,4374113.45243454,0.01
6,10,10,19,10,10,10,10,10,10,10,2045,30000,99865625.07010815,106765721.3014117,0.08034935681488778,0.5734023072632216,0.01,success,27815.370128225044,29206.138634636296,0.8531642061692445,36109,898522023.2,340806.9,3.7929721386933724e-4,21.101211716524645,21,10,0,1,210,100,1329376338.1410527,63303635.14957394,10000,0,0,0,311600.7613653637,1390.7685064112522,-3.8329183577046066e-7,4386162.983179092,0.01
6,10,10,19,10,10,10,10,10,10,10,2046,30000,106765721.3014117,113893520.70834827,0.0857135700742733,0.5717143009812848,0.01,success,29206.138634636296,30596.907141047548,0.8461720255106371,36109,904928892.7,343189.92000000004,3.7924517911682327e-4,21.79755170316996,22,10,0,1,220,100,1438638412.4092174,65392655.109509885,10000,0,0,0,312593.0128589525,1390.7685064112522,-3.792809816216547e-7,4404528.082609177,0.01
6,10,10,19,10,10,10,10,10,10,10,2047,30000,113893520.70834827,121256537.49571376,0.09125480237121854,0.5701148042181279,0.01,success,30596.907141047548,31987.6756474588,0.8391798448520297,36109,911335762.2,345572.94,3.791938759933808e-4,22.516870909374568,23,10,0,1,230,100,1553664092.7468452,67550612.72812371,10000,0,0,0,313585.2643525412,1390.7685064112522,-3.753377816884118e-7,4422837.774753571,0.01
6,10,10,19,10,10,10,10,10,10,10,2048,30000,121256537.49571376,128862533.8370623,0.09697889533396299,0.5686067377878704,0.01,success,31987.6756474588,33378.444153870056,0.8321876641934223,36109,917742631.7,347955.96,3.791432891762437e-4,23.259927649383926,24,10,0,1,240,100,1674714790.7556427,69779782.94815178,10000,0,0,0,314577.51584613,1390.7685064112522,-3.714643176389032e-7,4441108.610630035,0.01
6,10,10,19,10,10,10,10,10,10,10,2049,30000,128862533.8370623,136719528.05767533,0.10289188336447798,0.5671931188914983,0.01,success,33378.444153870056,34769.21266028131,0.8251954835348149,36109,924149501.2,350338.98,3.790934037675591e-4,24.027505261813594,25,10,0,1,250,100,1802062894.6360195,72082515.78544079,10000,0,0,0,315569.76733971864,1390.7685064112522,-3.676579873879149e-7,4459317.5983428955,0.01
6,10,10,19,10,10,10,10,10,10,10,2050,30000,136719528.05767533,144835803.0875686,0.10899999999999999,0.5658770642976297,0.01,success,34769.21266028131,36159.98116669256,0.8182033028762075,36109,930556370.7,352722,3.790442052797608e-4,24.82041293545344,26,10,0,1,260,100,1935992208.9653683,74461238.80636032,10000,0,0,0,316562.01883330743,1390.7685064112522,-3.6391358676501895e-7,4477482.061386108,0.01
7,10,10,10,10,10,10,10,10,10,10,2025,30000,0,3306908.810999999,0.002488701361921318,0.6236294762551047,0,success,0,832.1718622012953,0.9958162009186303,36109,787066250.4,362027,4.5997017381448123e-4,11.023029369999996,1,10,0,1,10,100,33069088.10999999,33069088.10999999,10000,0,0,0,361194.8281377987,832.1718622012953,-3.498857453765325e-7,2623907.0534706116,0.001
7,10,10,10,10,10,10,10,10,10,10,2026,30000,3306908.810999999,6722945.612762999,0.005059529868786041,0.6223000160826809,0,success,832.1718622012953,1664.3437244025906,0.9916324018372608,36109,792534838.66,358029.76,4.517527085690626e-4,11.386789339209997,2,10,0,1,20,100,68320736.03525998,34160368.01762999,10000,0,0,0,356365.4162755974,832.1718622012953,-3.5579872381674704e-7,2606497.836112976,0.001
7,10,10,10,10,10,10,10,10,10,10,2027,30000,6722945.612762999,10251711.628984176,0.007715195716377297,0.6210129745806207,0,success,1664.3437244025906,2496.515586603886,0.9874486027558911,36109,798003426.92,354032.52,4.4364786924090726e-4,11.762553387403925,3,10,0,1,30,100,105862980.48663533,35287660.162211776,10000,0,0,0,351536.0044133961,832.1718622012953,-3.6188031737882653e-7,2589007.9379081726,0.001
7,10,10,10,10,10,10,10,10,10,10,2028,30000,10251711.628984176,13896926.923740651,0.010458498536939064,0.6197697515650454,0,success,2496.515586603886,3328.6874488051812,0.9832648036745215,36109,803472015.1800001,350035.27999999997,4.356533561677096e-4,12.150717649188254,4,10,0,1,40,100,145808611.79025903,36452152.94756476,10000,0,0,0,346706.5925511948,832.1718622012953,-3.6813885273545566e-7,2571437.5734329224,0.001
7,10,10,10,10,10,10,10,10,10,10,2029,30000,13896926.923740651,17662434.32322409,0.01329233035057937,0.6185717930460097,0,success,3328.6874488051812,4160.859311006477,0.9790810045931518,36109,808940603.44,346038.04,4.2776693187173657e-4,12.551691331611465,5,10,0,1,50,100,188275369.97417197,37655073.99483439,10000,0,0,0,341877.1806889935,832.1718622012953,-3.7457901364001955e-7,2553794.6462631226,0.001
7,10,10,10,10,10,10,10,10,10,10,2030,30000,17662434.32322409,21552203.466890484,0.01621967861406981,0.6174205927518989,0,success,4160.859311006477,4993.031173207772,0.9748972055117823,36109,814409191.7,342040.8,4.199864189720441e-4,12.965897145554644,6,10,0,1,60,100,233386148.61998358,38897691.43666393,10000,0,0,0,337047.7688267922,832.1718622012953,-3.8120548384590336e-7,2536063.241958618,0.001
7,10,10,10,10,10,10,10,10,10,10,2031,30000,21552203.466890484,25570334.992297865,0.01924362937025543,0.6163176937041357,0,success,4993.031173207772,5825.203035409067,0.9707134064304126,36109,818788307.48,339875.42,4.15095595400038e-4,13.393771751357946,7,10,0,1,70,100,281269206.7785169,40181315.254073836,10000,0,0,0,334050.21696459095,832.1718622012953,-3.8487858733393665e-7,2526424.3125915527,0.001
7,10,10,10,10,10,10,10,10,10,10,2032,30000,25570334.992297865,29721064.858043693,0.022367370501395173,0.6152646898438494,0,success,5825.203035409067,6657.374897610362,0.966529607349043,36109,823167423.26,337710.04,4.102568085876902e-4,13.835766219152756,8,10,0,1,80,100,332058389.25966614,41507298.65745827,10000,0,0,0,331052.66510238964,832.1718622012953,-3.8860997753076276e-7,2516760.277748108,0.001
7,10,10,10,10,10,10,10,10,10,10,2033,30000,29721064.858043693,34008768.80935913,0.025594195089862534,0.6142632277122272,0,success,6657.374897610362,7489.546759811657,0.9623458082676734,36109,827546539.0400001,335544.66000000003,4.054692324485466e-4,14.292346504384795,9,10,0,1,90,100,385893355.6183895,42877039.51315439,10000,0,0,0,328055.1132401884,832.1718622012953,-3.9240277693863845e-7,2507072.424888611,0.001
7,10,10,10,10,10,10,10,10,10,10,2034,30000,34008768.80935913,38437966.99106798,0.028927504889749316,0.6133150081863146,0,success,7489.546759811657,8321.718622012952,0.9581620091863038,36109,831925654.82,333379.28,4.0073205828966986e-4,14.763993939029493,10,10,0,1,100,100,442919818.1708848,44291981.81708848,10000,0,0,0,325057.5613779871,832.1718622012953,-3.9625646514052093e-7,2497355.4968833923,0.001
7,10,10,10,10,10,10,10,10,10,10,2035,30000,38437966.99106798,43013328.71277322,0.032370813913032356,0.6124217882720999,0,success,8321.718622012952,9153.890484214247,0.9539782101049341,36109,836304770.6,331213.9,3.9604449435625403e-4,15.251205739017465,11,10,0,1,110,100,503289789.38757634,45753617.21705239,10000,0,0,0,322060.0095157858,832.1718622012953,-4.0017520547275254e-7,2487621.4385032654,0.001
7,10,10,10,10,10,10,10,10,10,10,2036,30000,43013328.71277322,47739677.37129473,0.03592775213408374,0.6115853829567696,0,success,9153.890484214247,9986.062346415543,0.9497944110235645,36109,842280334.14,331572.9,3.9366097789585516e-4,15.75449552840504,12,10,0,1,120,100,567161839.0225815,47263486.585215114,10000,0,0,0,321586.8376535845,832.1718622012953,-3.995194799988333e-7,2489235.9495162964,0.001
7,10,10,10,10,10,10,10,10,10,10,2037,30000,47739677.37129473,52621995.53554745,0.03960206931642982,0.6108076671220867,0,success,9986.062346415543,10818.23420861684,0.9456106119421949,36109,848255897.68,331931.9,3.913110429386246e-4,16.274393880842407,13,10,0,1,130,100,634701361.3528539,48823181.64252722,10000,0,0,0,321113.6657913832,832.1718622012953,-3.988694791123848e-7,2490852.7135849,0.001
7,10,10,10,10,10,10,10,10,10,10,2038,30000,52621995.53554745,57665430.19922051,0.04339763896579331,0.6100905775209124,0,success,10818.23420861684,11650.406070818135,0.9414268128608252,36109,854231461.22,332290.9,3.889939847514248e-4,16.811448878910202,14,10,0,1,140,100,706080852.9142284,50434346.636730604,10000,0,0,0,320640.4939291819,832.1718622012953,-3.982173965577651e-7,2492465.6867980957,0.001
7,10,10,10,10,10,10,10,10,10,10,2039,30000,57665430.19922051,62875298.20679478,0.04731846241358581,0.6094361148189527,0,success,11650.406070818135,12482.577933019431,0.9372430137794556,36109,860207024.76,332649.9,3.8670911818327713e-4,17.36622669191424,15,10,0,1,150,100,781480201.1361407,52098680.075742714,10000,0,0,0,320167.3220669806,832.1718622012953,-3.975679160883594e-7,2494081.8071365356,0.001
7,10,10,10,10,10,10,10,10,10,10,2040,30000,62875298.20679478,68257091.858619,0.05136867303515545,0.6088463457038814,0,success,12482.577933019431,13314.749795220727,0.933059214698086,36109,866182588.3,333008.9,3.84455776989901e-4,17.939312172747407,16,10,0,1,160,100,861086984.2918755,53817936.51824222,10000,0,0,0,319694.1502047793,832.1718622012953,-3.9692103770416765e-7,2495694.887638092,0.001
7,10,10,10,10,10,10,10,10,10,10,2041,30000,68257091.858619,73816484.70095342,0.0555525406072369,0.6083234050640661,0,success,13314.749795220727,14146.921657422023,0.9288754156167164,36109,872650475.28,334568.5,3.8339347708789116e-4,18.53130947444807,17,10,0,1,170,100,945096783.1968515,55593928.4233442,10000,0,0,0,320421.57834257797,832.1718622012953,-3.9413212277183973e-7,2502697.0624923706,0.001
7,10,10,10,10,10,10,10,10,10,10,2042,30000,73816484.70095342,79559337.50708488,0.059874475809197025,0.6078694982391901,0,success,14146.921657422023,14979.093519623319,0.9246916165353467,36109,879118362.26,336128.10000000003,3.823468083818614e-4,19.142842687104856,18,10,0,1,180,100,1033713505.1036623,57428528.06131457,10000,0,0,0,321149.0064803767,832.1718622012953,-3.913749532791222e-7,2509683.680534363,0.001
7,10,10,10,10,10,10,10,10,10,10,2043,30000,79559337.50708488,85491704.45581867,0.06433903487282185,0.6074869033451465,0,success,14979.093519623319,15811.265381824614,0.9205078174539771,36109,885586249.24,337687.7,3.813154283840786e-4,19.774556495779315,19,10,0,1,190,100,1127149720.2594209,59323669.48733795,10000,0,0,0,321876.4346181754,832.1718622012953,-3.8864848839192945e-7,2516660.535335541,0.001
7,10,10,10,10,10,10,10,10,10,10,2044,30000,85491704.45581867,91619839.51386067,0.06895092438554627,0.6071779736756528,0,success,15811.265381824614,16643.43724402591,0.9163240183726075,36109,892054136.22,339247.30000000005,3.8029900453971356e-4,20.427116860140032,20,10,0,1,200,100,1225627011.608402,61281350.5804201,10000,0,0,0,322603.8627559741,832.1718622012953,-3.859532485273043e-7,2523619.6875572205,0.001
7,10,10,10,10,10,10,10,10,10,10,2045,30000,91619839.51386067,97950203.02881807,0.07371500625219062,0.6069451401831188,0,success,16643.43724402591,17475.609106227206,0.9121402192912378,36109,898522023.2,340806.9,3.7929721386933724e-4,21.101211716524645,21,10,0,1,210,100,1329376338.1410527,63303635.14957394,10000,0,0,0,323331.2908937728,832.1718622012953,-3.8329183577046066e-7,2530572.5812911987,0.001
7,10,10,10,10,10,10,10,10,10,10,2046,30000,97950203.02881807,104489468.53976905,0.07863630282043421,0.6067909140413846,0,success,17475.609106227206,18307.780968428502,0.9079564202098682,36109,904928892.7,343189.92000000004,3.7924517911682327e-4,21.79755170316996,22,10,0,1,220,100,1438638412.4092174,65392655.109509885,10000,0,0,0,324882.13903157157,832.1718622012953,-3.792809816216547e-7,2541168.6301231384,0.001
7,10,10,10,10,10,10,10,10,10,10,2047,30000,104489468.53976905,111244529.81258142,0.08372000217542985,0.6067178892930265,0,success,18307.780968428502,19139.952830629798,0.9037726211284985,36109,911335762.2,345572.94,3.791938759933808e-4,22.516870909374568,23,10,0,1,230,100,1553664092.7468452,67550612.72812371,10000,0,0,0,326432.98716937023,832.1718622012953,-3.753377816884118e-7,2551731.3838005066,0.001
7,10,10,10,10,10,10,10,10,10,10,2048,30000,111244529.81258142,118222508.1073966,0.08897146360914035,0.6067287455840258,0,success,19139.952830629798,19972.124692831094,0.899588822047129,36109,917742631.7,347955.96,3.791432891762437e-4,23.259927649383926,24,10,0,1,240,100,1674714790.7556427,69779782.94815178,10000,0,0,0,327983.83530716895,832.1718622012953,-3.714643176389032e-7,2562274.754047394,0.001
7,10,10,10,10,10,10,10,10,10,10,2049,30000,118222508.1073966,125430759.68594068,0.0943962232701633,0.6068262509886813,0,success,19972.124692831094,20804.29655503239,0.8954050229657593,36109,924149501.2,350338.98,3.790934037675591e-4,24.027505261813594,25,10,0,1,250,100,1802062894.6360195,72082515.78544079,10000,0,0,0,329534.6834449676,832.1718622012953,-3.676579873879149e-7,2572779.643535614,0.001
7,10,10,10,10,10,10,10,10,10,10,2050,30000,125430759.68594068,132876883.56657672,0.1,0.6070132649277435,0,success,20804.29655503239,21636.468417233686,0.8912212238843897,36109,930556370.7,352722,3.790442052797608e-4,24.82041293545344,26,10,0,1,260,100,1935992208.9653683,74461238.80636032,10000,0,0,0,331085.5315827663,832.1718622012953,-3.6391358676501895e-7,2583259.642124176,0.001
